ID,basic_dataset_default_middle_llama3_gptdriver_baseline.pkl,basic_dataset_far2near_error_2_error_middle_llama3_gptdriver_baseline.pkl,basic_dataset_far2near_error_6_error_middle_llama3_gptdriver_baseline.pkl,basic_dataset_near2far_error_2_error_middle_llama3_gptdriver_baseline.pkl,basic_dataset_near2far_error_6_error_middle_llama3_gptdriver_baseline.pkl,basic_dataset_suddenly_appeal_error_middle_llama3_gptdriver_baseline.pkl
ddbf483cd9a34b7495867ad4e743dda8,1,0,1,1,1,0
73ce29fbb23b4fdda87da12569830fe0,1,0,0,0,0,1
3d7733347cc04bfa97a43b4de2e6437f,1,0,1,0,1,0
f216d7a4ff5345dbbbb8b27dce4f0953,1,0,0,0,0,0
b0f8d0ae84a74610bf1c72a8d4bec1a8,1,1,1,1,1,1
cfa4ed9eed134bfc9c20e58e0aabaca4,1,1,1,1,1,1
2fce73dbf3ce45599bfa5aad1fe40f50,1,0,1,1,1,1
5fcbd73f4fdb4b0faaf55256bb03cdaf,1,0,0,0,0,0
5018e6c1e4a44d1d9057b468f1f91c21,1,1,1,1,1,1
967fb73bdd20468495b1ac6de9159404,1,1,1,1,1,1
3b3703bdb0584fb685f6a2d6ef6917f6,1,1,1,1,0,1
18cb702eec7543c9b7e3d951226e367d,1,1,1,0,1,0
9ab92b1a1ca94135a08c81a928a57ffd,1,1,1,1,0,1
fe2a163b8948451b95fa48e21e1988ce,1,1,1,1,1,1
1775e201089c4f979dc8892e56872100,1,1,1,1,1,1
703ac7e5928a41c7a3138afa74e157ad,1,0,0,0,0,0
1decfedef1084fbcb113c5ee8fd29dac,1,1,1,1,1,1
2945e6bfeea7425c8adf44f3225122d3,1,0,0,0,0,0
a9ea79ca0927482ab7735941e5927d5c,1,1,1,1,1,1
7d905b84e07c4493a249467e86b088b7,1,1,1,1,1,1
bf6462153f7e45ac97c6ca0469d7936b,1,0,0,0,1,1
f5f00651ff3947a097422b5261a4edae,1,1,1,1,1,1
c0efe2319882495b9d13add1d352bee4,1,1,1,1,1,1
afd9d700ec144dc3b646bec39362c710,1,0,0,0,0,0
64dd350ef9f745a898c18be7202f6794,1,1,1,1,1,1
f4d77b3cccc14f4faeb64b82efa9510f,1,0,0,0,1,1
e3a3363b3b134f1b822188198ddef02b,1,0,0,0,0,0
4c1a843a099941a186a7bd01d8e36f54,1,0,1,0,1,1
7461eb9987354c5db09f9203786b2324,1,1,1,1,1,1
bce683c603f2469ab654d6395367ce09,1,1,0,1,0,0
84148421e61e41b6b4d39677a76d2e92,1,0,0,0,0,0
1229d8b0a68643389d99e4d788fe8792,1,0,0,0,1,1
01176d20420b404ea52769d01ad61b0c,1,1,1,1,1,1
ce3718b3d5a4404c80b724e1b15cf7bf,1,0,0,1,1,1
0ebd7d84007c47c6ba92625f93f0f3c1,1,0,0,0,0,0
48ea4572f95c47a083efa79997c4a506,1,1,1,1,1,1
5aa5555debb94e988b4eb8d8ff26c8da,1,1,1,0,1,0
72f030bd5dd142d497c090dc04bb5697,1,1,1,1,1,1
2c1f8867c60b44f09ee37b5df1d1ad24,1,0,0,0,0,0
4fc4dcd46f8d46c789c0ffb736491251,1,1,0,1,1,1
45326326fd9c44e18d44e9e698454ef6,1,0,0,1,0,1
3a9bf178698f444cac9db6f34e6c4e5f,1,1,1,1,1,1
3764db06ef5c4bfbb4b08a6c1d0bba38,1,1,0,1,1,1
26d153ce37804d82822823a6c5b9943a,1,1,1,1,1,1
c741f091f26845f08a4b1e4364ef6267,1,1,1,1,1,1
b7df21a953a2477ab5ec0c37e7d21128,1,1,1,0,1,1
2b7d769dbb254adba7274534d0b262ec,1,1,0,1,0,1
1ad91efb825745e3be54a81844d42e01,1,0,0,0,1,1
c23c7613adf34ccdb2196d2d4825b702,1,1,1,1,1,1
cf753561271b4c40bef93a35bb0cf13f,1,1,0,1,1,0
072e60abec274513ac4749e8c3d579e5,1,0,0,0,0,0
245a861d17ce4ee094c30a27ff5805ec,1,1,1,1,0,0
0c23d9c6329d40938e1f0593c15f1e70,1,0,0,0,1,1
8ae5818912bf4a8db24b1690d83034ac,1,1,1,1,1,0
0a535567072a48a38a7213778550dcaf,1,0,0,1,0,1
2f91d61bf97f4268a488c6e33c6f0fba,1,1,1,1,0,0
8a0af59b07f543a0a165180a12472d04,1,0,1,1,0,1
8a05f7a2995b44beadcff8d41caef34b,1,1,0,1,0,1
e14dc295bf8f4cca8bbea7fa0068b6ef,1,0,0,0,0,1
c2a52f0a40ee413a872dead309c2df20,1,0,0,0,0,0
575d8e57b2de436b805fd6befde3edd7,1,1,0,0,0,0
f710d3238c7d487d8696db5707c41e09,1,0,0,0,0,0
80406b20df8c43ad98e4a7d6b8de00ae,1,1,1,1,1,1
966ff6e4ebe34bbbae3f35deae2aded4,1,1,1,1,1,1
6c101672bd85496fb201fed522349898,1,0,0,0,0,0
bffcf51dadb047a5b6d1d377709ba188,1,1,0,1,0,1
4739e7db16554b498a08a5d3b5a41d66,1,1,0,1,0,1
357116a604d548c9bb406cdcc3a8f85e,1,1,0,1,1,0
2002b712735749e0bb54ef30a62a6b58,1,1,1,1,1,1
4de8eecdc3da442d84acc0289e237aa0,1,1,1,1,0,1
df5bc2ce9fa14afc886ea2eb7cbd9a01,1,1,1,1,1,1
cc0b96ef5c5e479496621dbe7bf7d6db,1,1,1,1,1,1
6cb74a87748b4fab82ad1b0869b27e01,1,0,0,0,0,0
4e67f858a1874075b864860d6f665f67,1,1,1,1,1,1
628c96914ad34014915156b194667c7c,1,0,0,0,0,1
2e3b7f9ff9ea40e883ba169c575e1283,1,1,1,1,1,1
604b84c30aa747e388768192b8c35c22,1,1,1,1,1,1
023a58306058440988b0ca496bdf9c2e,1,1,1,0,1,1
7b173aed71f84d58bd218628ea584190,1,1,1,1,1,1
71be7481176747a7aff4ef5143b18e2a,1,0,0,0,0,1
7ceeb5f1f6864b03a8f72fca507acdee,1,0,0,1,1,1
837ee19c362b49d6a07329b89d4c39ee,1,1,0,1,0,1
6123a0c091d24c39ab274cdbad994bc4,1,0,0,0,0,0
4aaaf68b9f9f45968a4e862eb03e17ea,1,1,0,1,1,1
90337a0b69b1439590f68f4999d6f091,1,0,0,1,0,0
f5be8cc937e74e84b8d73e2074658382,1,1,1,0,1,0
19689911bd0e40adb943b0f97ea84a6a,1,0,0,0,0,1
cd46f5df303a4d60abd7e4447d344d4c,1,0,1,1,1,1
4df6373b4d2748f487ebdf51aa95354c,1,0,0,0,0,0
f0f7fec4524045f4a2f44866d410ec84,1,1,1,1,1,1
ee76404e85b3497983cb220e40600e41,1,1,1,1,0,0
1d7a9cacb691467f85ea94912d793ac5,1,1,1,1,1,1
fff51b00bf394365a4eea2b279224312,1,1,0,1,1,1
cd422c2fc0914342a337dda50351f686,1,0,0,0,0,1
d929c9294e4348c58edceeb460d2e083,1,1,0,1,0,0
3e1a2d2467254990becab29217a1d02f,1,1,1,1,1,1
200be40179824a42bdecbdfe9e77fd88,1,1,1,1,1,1
0fd26c837fa048789ed0ac3c22a27832,1,1,1,1,1,1
61421b8cc155473c8f1db68c24ebc618,1,1,1,1,1,1
93bdd87d50fc44d7a2209af9011fc4a7,1,1,1,1,1,1
a27511294c014c34bea679aae0d35735,1,1,0,0,0,1
2b2c6baf12644756925596ebe2a9af2c,1,1,0,1,0,1
a994618073ab4613b0b68993acbdc92b,1,0,0,0,0,0
1a5aaf6004d64cd889d07fad3210717a,1,1,1,1,1,1
79db58d69e7d401d94bbf1f001019051,1,0,0,0,0,1
47fce09b77e44bb1810cedd61628ab1f,1,1,1,1,1,1
ad830c774eb7484a87fd2c776c570c2f,1,1,1,1,1,1
80e281bf369a4f849efaa5a9052cbd9b,1,0,0,0,0,1
21272b5266a646fb92504d5eeebf11bc,1,1,1,1,1,1
eaddf0d5cd0747c2846a43776b2fb9f3,1,1,1,1,1,1
90162f90eceb4ada9e595bc1adb71b5f,1,1,1,1,1,1
9f3355442ce347be804a9880d086ca8f,1,1,1,1,1,1
b8adf91e3d5f49a3b6282a675ea8513c,1,0,0,0,0,0
1cebe66c60b74120904a4e5b6b3bb152,1,1,1,1,1,1
80d7c172efb64b5296f2d22f942bc963,1,0,0,0,0,1
53e9e509e9e94f799620e2d554356c4d,1,1,1,1,1,1
c7916de2cc5e4feab4a819194a428260,1,0,0,0,0,0
75642377ad5f4a0fa9d7baaf0d19a987,1,1,1,1,1,1
d968a5eaaae446f6848302351550dd71,1,0,0,0,0,0
3be888f815ab42dcac53815f09b5b244,1,1,0,0,0,1
b95bf07efd5b4c02849af122b367dad1,1,1,1,1,1,1
7b011306ccc34c94a341a54ba2552c52,1,1,1,1,1,1
331fa27d969c420597348566ae423e15,1,0,0,1,0,0
dbffcc96729b420380ace0e08ad587d5,1,1,1,1,0,1
f9ad282e31ce47d5a16dffc3b25c456a,1,1,1,1,1,1
b8aa35510eae475f98cdbdf67e8531da,1,1,0,0,0,1
c452c59291e443339af73f87c9944b70,1,0,0,1,1,1
4105bb48f50d4748bb0e75ff9a67bf5e,1,0,1,1,1,1
56e7460943344e33a5a657313541065e,1,1,1,1,1,1
e786b718ea6a4887bcb86639de62a1ce,1,1,1,1,1,1
dac52a02f54c4677b0a6b4a28e2c56a1,1,1,0,1,1,1
b07273055da64823bcc2ede3f06ad3b7,1,1,1,1,1,1
4fe7d92f1beb403aa1e9228dc8de8365,1,1,1,1,1,1
4b1b6413a03f4b9c8c121e4d5b9f5e20,1,0,0,1,1,1
ae12ab1abde641cbb62e5d9f75182b42,1,1,1,1,1,0
3aeb1dd281504f3098eb78149fca78e2,1,1,1,1,1,1
9229caee2885435ebf71e46d997e7070,1,1,1,1,1,1
1efc1f89c0124c18aa5fc06aed91fed6,1,1,0,0,0,1
46ad54c9f2a54878a0af35037494050f,1,1,1,1,1,1
1424390fe04948cb9592b685f5626cf9,1,0,0,0,0,1
1769b8a291e24fff9b4e90bc0587f9dc,1,1,1,1,0,1
618d34a8ce0a4f898952fce1d0ea8fbb,1,1,0,0,0,1
ab959d16b505476fa14530f8f76da1bb,1,1,1,1,1,1
8929201da6384e3a8299d9427669f735,1,0,0,0,0,0
f8de6e9a14d34f2791c21a07ce5d47c5,1,1,1,1,1,1
6e1f02cb4e2747c6970b2d9b2e834852,1,0,0,0,0,0
5ef15615bc08428bab23b2a84e84961e,1,1,1,1,0,0
8506f53d11894d6ab25ec2c82b815c31,1,1,1,1,0,0
e5313f353c1340288bc407c3f52f5226,1,0,0,1,0,1
5b78dddb2f0a4d9c9ebd29f852cbe453,1,1,1,1,1,1
5973a055a6ac40e9934cfce8afa82fbe,1,1,0,0,1,1
4af258d64bc749b29cb771304aa4cd14,1,0,0,1,1,1
6dd6f81bce54422baf88bd9045da527e,1,0,0,0,0,0
4cff630ec8db419caed75ff4d4755918,1,1,1,1,1,1
3bb2aa82346340a0903bf05257735f71,1,1,1,1,1,1
b1b386f4a6d04987975d36525ff9f772,1,0,0,0,0,1
2629f4e9f2c843e18b1e29011654e6c8,1,1,0,1,1,1
21b99febc5c14f7385e787fe81e96670,1,1,1,1,1,1
45ff19c347b44d168717a7ef95b04d93,1,1,1,1,1,1
d88e66b9af5b435883fdb24a54063c07,1,1,1,1,0,1
e4571b3d5c2e47178cc767b3f9d2a4e3,1,0,0,0,0,1
08105ec425934bb2b18a32fcd88a572d,1,0,0,0,0,0
82a88b409fe4435ea678f8f89ba34b74,1,1,0,1,0,1
bad735b92fba419ebd141e001451eb73,1,1,1,1,1,1
eaad6827a3c44cdab111ea7d912c9947,1,1,1,1,1,1
81cef0d9225a412cb8decaecc2271f34,1,0,1,0,1,1
666e8405840b434bb91c9dc66ad2efb5,1,1,1,1,1,1
f8a47b8b93774cee9e2f1d21ebb6e410,1,0,0,0,0,0
14384b3ce9d243ce827bf0c1598dd35f,1,0,0,0,0,1
cc92df0799e44da89bfb8d8434f954ed,1,0,0,0,0,1
c06a5e8ca3694889a25d3143d4dca9d5,1,1,1,1,1,1
5a326a1f9112431585c441cf3d8901b7,1,0,0,0,0,0
98bf27ef19ff41fe9c46bb8fff168076,1,0,0,1,1,1
59a27b7fc76541ea92d79f7d4c62a2ec,1,1,1,1,1,1
f6c4cb03fbb44ccfb19d19fae99480c8,1,0,0,1,0,1
c84bc334dae84c74a9c26359b350c226,1,1,1,1,0,1
a0edf6edd121431785948038c54e036e,1,1,1,1,1,1
b6aa15f59b434b0da1790cad8532cf70,1,1,1,1,1,1
80c91574d0174206a74435200aba8ba8,1,0,0,0,0,1
9018d220fc7340998efa65631a9c3cd4,1,0,1,1,1,1
e63daf8508994046ac113057d0ebf6ba,1,0,0,0,0,0
22189c1013dc4263b23764258e8f0c21,1,1,1,1,1,1
5d413e8d6a4648a7bcb091f7e362a3fe,1,1,0,0,1,1
ac7e7a21d29b41e6acc78ce8ef5ade66,1,0,1,0,1,1
0b4859cd5c4b459eae68f4b049adc1e2,1,0,0,0,0,0
4fbd8ca56cc942cfb092846192fb3bd3,1,1,0,1,0,1
7f770beac09a4af3b8ec2f4954b9e1aa,1,1,0,1,1,1
3f16f295d3e44088aa24a88b740f90bd,1,0,0,0,0,0
04b954deacb74b3a80c543526dc8f937,1,1,0,1,1,1
5282ca67fb444f1f81d0fe1a48894b95,1,1,0,1,1,1
9f7c0eaa175c4627aab13b7f76297c2a,1,0,1,1,1,1
ac9af15d1aba4f5786877dde9f0b1c93,1,1,1,0,1,1
56b2752879d247359f620173a94838c3,1,1,1,1,1,1
5099c82438074d8885298bbf6d635a54,1,1,1,1,1,1
b8fd81311abd466b9975a21f69d8c357,1,1,1,1,1,1
d31fd9e576a54fdb871ee5941c471199,1,1,1,1,1,1
fd6296714eda481bac74b50c926d0565,1,1,1,1,0,0
22cc5dafc805425b9bcec94512093825,1,0,0,0,0,0
f5ebca871ac94036afc835926374bc9b,1,0,0,0,0,0
3e8750f331d7499e9b5123e9eb70f2e2,1,1,0,0,0,1
ec4e7d39654449c4b781c026c0ec7736,1,1,1,0,1,1
ca37a1ae2ef1461d9c3dadf826e78706,1,1,1,1,1,0
f2f86758734244c89e74690267cc37d2,1,0,1,1,0,1
0f9f4a764e8649a595541ae4bf4668d6,1,1,1,1,1,1
3307d1211dfd442db4a6ae544c2ae197,1,0,0,0,0,0
8b06ab55378f4342b38c3b25b115e38e,1,1,1,1,0,1
09361337f2bf4e819aac2a310481e62f,1,0,0,0,0,0
9bbe4968739d429b9e6a05b60690c67e,1,1,1,1,1,1
98f5dd32944b4ad087e9fb9844e490e6,1,0,0,0,0,1
cd908fdce67249f3a8a14b987f00592e,1,1,1,1,1,1
64322aabe04b488892503ba7c4879558,1,1,1,1,1,1
a6a8c30913934fae8c7dce55e3c8022b,1,0,0,1,1,1
4300e17a55f34a7aacc180dcba5616bf,1,0,1,0,1,0
0f546bbb1e9048a1b84f70fb4aedf9a0,1,1,1,1,1,1
efb2d46049fd431f8b39b7c5149f9749,1,1,1,1,1,1
15fa345fae4c4cc1b387b0b27cfed9c2,1,1,1,1,1,1
b139c133286247d48093bba9151920b2,1,0,0,0,0,0
15aade949000400ea701dbd79710f8f0,1,1,1,1,1,1
c91a97e6c7fc40e995491ae7272db9ab,1,1,1,1,1,1
d92188150ae74dcbbe5c72f94ecb4a64,1,1,1,1,1,1
699b319a28f6467cb12ff4ce51d6ff91,1,0,1,0,1,1
bb05f4d61f124d5f9c520967ce0544f6,1,0,0,0,0,0
c2ca0236b2994dd8973b0aa94b126df6,1,1,1,1,1,1
cc6d0652e2eb4240b6f07ad1be99109c,1,1,1,1,1,1
e5164edf0f654331b56e83fcb313b270,1,0,0,0,0,0
a5786651d75747668f1b35c115d882f1,1,1,1,1,1,1
77e97f94955c46d0a943232271a84ab3,1,0,0,0,0,0
4b593e6d756b4827b46e044ee147d4fb,1,0,0,0,0,0
f7d0d2a3661d41a097fa607f5c11e5ac,1,1,1,1,0,1
e69a14f90e684e0c8dbcee8336e837ad,1,0,0,0,0,0
496c5144cca24c2f86607f9d7f26e90e,1,1,0,1,0,1
7ff6ab92e1c443209f8268fcfb214925,1,1,1,1,0,1
1afd654caa104e888ec4c74b60cb90ed,1,0,0,0,0,0
1232e4600cb4400db443ae7e6a710c1c,1,1,1,1,1,0
4f8243ae6cbe4793aac0e0c96a1ae46a,1,1,1,1,1,1
fc6ff393834243af95604b50850c6304,1,0,0,0,0,1
70ad915cfc344423b3a48003cc7fa223,1,1,0,0,0,0
e4cd9dabbbd9468796c2ef8d0bc0a568,1,1,1,1,1,1
6826c8ea644b4ec9acbd86ac234a8486,1,1,1,1,1,1
a9f061fa2b47435dba549ab102f17a8a,1,1,1,1,1,1
a687809bdfff490198d3b39bfc4bd42b,1,1,1,1,1,1
47a1ea38aee04afcb5651a090a9c88fe,1,1,0,1,1,1
43b92f490cb64c2f98f0534678db42a2,1,1,0,1,0,1
2fdf63c9f3ec48b081e101f9b677642a,1,0,0,0,1,1
01411f0342c645c39ce7ef082d4c27d0,1,1,0,1,1,1
c6b4dc34a13b4049852f948482a6a6a0,1,0,1,0,0,0
db792f2f25d34cecb4ef462c2a4a8880,1,1,1,1,1,1
ac22e12d11f84b6a98faa260bdaa64ff,1,0,0,0,0,0
73ac66237c854ee69fc29e9b24860e41,1,1,1,1,1,1
e411f0ab3a0243f1bea593bed340894f,1,1,1,1,0,1
7c0aa537b98344bea85226ba8148ae98,1,1,1,1,1,0
475a324f563849cab9623619073fdf81,1,0,0,0,0,0
9c936be8473c4964bef7044fe6608946,1,1,1,1,0,1
df9df601e42b4186a01182d1841e2a09,1,0,1,0,0,0
85b8779598cb46f89538faa1d7117404,1,1,0,0,0,1
b8c807aa77e74ad6ba8cca5c7fa13ae0,1,1,0,1,1,1
c9627fc5be4e465f95dc19a358dc53c2,1,0,1,1,1,1
ae463fd0ba0e430984c1fa560856f4d8,1,1,1,1,1,1
ddfc5088c6fe45e7a4b435875838119f,1,1,1,1,1,1
141a69c7937849e59d9942e0eafc8be5,1,0,0,0,1,0
b923744651764ed194ddf7526b9b2cf6,1,0,0,1,1,1
ea69963e431145e383f0c05cd30116c7,1,1,1,1,1,1
60a947923f074de98a25712469299a0d,1,1,1,1,1,1
b5c051cae12a4809bd699c77f295fea0,1,0,0,0,0,0
291d30843273487c96a7dc86f79a030f,1,1,0,1,1,1
6f86c8245d654d66b0ea21fc3b86be8e,1,1,0,0,1,1
b703e37c5f4941a29839b6b77a88f9b2,1,0,1,1,1,1
eaf2f8cfe79e4558900f140452f299a1,1,1,0,1,1,0
24dc629e9bf74231affdfc033c79f8d4,1,0,0,0,0,1
a33c811a7be742f09c0149144c15f63c,1,1,1,1,0,1
1dfecb8189f54b999f4e47ddaa677fd0,1,0,1,0,1,1
3595d60fe23744e09831de917caf287a,1,0,0,0,0,0
bfc227cc4c704194980635622f569dda,1,1,1,1,1,0
0775bcc755c148ef831dffe278b1bb94,1,0,0,0,0,0
779690ce8de54dc292f1e47bb1bd348c,1,0,0,0,0,0
b173607014c44dfd86cfee252561315f,1,1,1,0,1,1
d61b0d89bad84d5a8b3f0ae3d28519e8,1,1,1,1,1,1
204912347bc24dd88e93e4c9de08d7b9,1,1,1,1,1,1
f93bf83a3f0e44baa8ba57974aab4c33,1,1,1,1,1,1
1c8ec6c1dd614d3fb8b8849dc8756a9a,1,1,1,1,1,1
dc4c6d9c6a4c4d0bb887a4b2de4b442a,1,1,1,1,1,1
11530e53dcae4627ba00fd5fdbcec1ad,1,1,1,1,0,1
45266b136cf846b0a7d398d2360f9a17,1,1,1,1,1,1
2a8814846e6940cbac163a9974837204,1,1,1,1,1,1
4b0caf61a82e4b45836f796845cd1860,1,1,1,1,1,1
41ce99072e8242c0b4fd7840f772f9fd,1,0,0,0,0,1
309f712254484213b110d0fc40232ff5,1,1,1,1,1,0
6f63778e796b4770bfbd5d347f5ef485,1,1,1,1,1,1
cf21155eda904501bbc960d4766764c0,1,1,1,1,1,1
05f93990849242aa80941e1ac8384c76,1,1,1,1,1,1
11a46849ff264ac3b75ba0709c4a0a35,1,0,0,1,0,1
38b446951ae14bc9bad64c6fdd341ae5,1,0,1,1,1,1
2128fc958907421ca888ab014a73348a,1,0,1,1,1,1
f8883f89a30a4cafb79e49f6f533e4f5,1,0,0,0,0,1
0fb4fd80495946268853f2a9183240a0,1,1,1,1,1,1
5b8b618c3f9e481bb8522d9900d74f20,1,1,0,1,0,1
a64c6582af2b4452bd3372cdd3acf69b,1,0,0,0,0,0
3613b5ea52bc46d0966fede34be89d38,1,0,0,0,1,1
34bf42503cdf40abae9fa1e3694a0d3a,1,1,1,1,1,0
0ed87ec201a04c3581bf8328600f0f7b,1,0,0,1,1,0
1af97f63a062426e846250a28346a735,1,0,0,0,0,0
4966d957c9ab4bbc837ecbf6fb019631,1,1,1,0,0,1
52e468d2e8da4ae4b2db7d446ce56a15,1,1,1,1,1,1
c086941272e24fefad3e65d65760aed4,1,0,0,0,0,0
37c8d31c9ee74a07a68305297959da79,1,1,0,1,0,1
bd2e11f548474f67be4d4c033714d68b,1,1,0,0,0,0
3064a6b9b3f04e5d8e51eefb4be8506a,1,1,1,1,1,1
fa0f79d60d594c8ea52b7f258af94fe4,1,1,1,1,0,1
d11e40fecf3748db910241be9fc0d86b,1,1,1,1,1,1
f8b5e98950ed483e92ece29c264c072e,1,1,0,1,0,1
93a7adbd1bcb409bafc8d2c3e0d41c11,1,1,0,0,0,1
f2efcbf8dc2f4cf4a4d96a9fc6ec0d84,1,0,0,0,0,0
e004cf11fde44ad89b1bd79edff64150,1,1,0,1,0,0
264c5f3a04744d53a72fd07c1bb6a724,1,0,1,1,0,1
000868a72138448191b4092f75ed7776,1,0,0,0,0,1
9489e07f0ebf455ca35819c3090818ad,1,1,1,1,1,1
10cca1fc228944c1b2d37a5b7f49e150,1,1,1,1,0,1
e829650532104af6bdb060d75924421f,1,0,0,1,0,0
60f69450e83440ca822610054f48e17e,1,1,1,1,0,1
ca53a4aa044c4a319d6bd855757d5d43,1,1,1,1,1,1
f2b4bd49dd73457395591ff69ac90dec,1,1,1,1,1,1
0412bd89648f4e63b40759a16777af0a,1,1,0,0,0,1
b2fecdf10a404d94a049c91f20eaddf3,1,1,1,1,1,1
27611379b79c419e9ea1d354bf600e80,1,1,1,1,1,1
1dffa2d447444bc89fa5c494f88aaa20,1,0,0,0,0,0
271d30b5f00a4d5893549090c5dae1cc,1,1,1,1,1,1
e83245456dd34cc495c5b099da07c8f0,1,1,0,0,0,1
0466f5710063461b92556fb2d6767980,1,0,0,0,0,0
8e587f5c219747c69c000f1b430c4820,1,1,1,1,1,1
e18a04d7d8e844e993a8d4f4857f27e7,1,1,1,1,1,1
5ccae885ad28471cbc786c203e0beff1,1,1,1,1,1,1
9260fb448a3a49c0be2d174e01157940,1,1,1,1,1,1
9628cc12065b4feaa18c63f333cbabf1,1,1,1,1,0,1
35c031b027b54e5f8f7d4ef13c0150be,1,1,1,0,1,1
a6246f2120ea462f8cc969645c83b2ca,1,1,0,0,0,0
c70888e1f3d04580ae3343602b2b4d57,1,0,0,1,1,1
5e80e020aacb406fad737926aeadbb30,1,1,1,1,1,1
dd0789b8c39340289a053eea9e3b16d7,1,1,0,1,0,1
fe2427d40c2741a5a41207cd031c27ba,1,1,1,1,1,1
01a7d01c014f406f87b8fe11976c3d0a,1,0,0,0,1,1
2eb164aac518499f86fb04de8f9e52f2,1,1,1,1,1,1
fa0c3d61420d4a049d13e56a169f0f8b,1,0,0,0,0,0
c7cba17c87f543e6b9929d5f7becd765,1,0,1,1,1,1
0c3d17d2bed9470397407b4684cd4d75,1,0,0,0,0,0
953507dae9794a6da9229055585a371a,1,1,1,0,1,0
ae43c422ee284407bf73b324d4f5e7bf,1,1,0,1,0,0
b3105c6e9a3a4a30bddd24b48b111d78,1,1,1,0,0,1
44963cfa9fb24e688d9dd851549c7eb7,1,1,0,1,1,1
0c15e8d3127a4b88991c235095d800d2,1,1,1,1,1,1
6252789dfad34bd6a33ba8d40be600d5,1,1,0,1,1,1
bdc86a9c8b2742039a4d07b1074e2ae4,1,1,1,1,0,1
79f6489272c24d3ebc5e225ce6ff2aea,1,0,0,0,0,0
22dab782087e453c9281a752f2189c5a,1,0,0,0,0,0
5c6c12c50bce465b983194d0ebe5a801,1,1,0,1,0,1
ab787927932e426092de09da17936634,1,1,1,1,0,1
8f1dfb1a348a42f4b9c9934da7492a6e,1,1,1,1,0,1
44dbaeefe4b148dfb4499a37a24a6ad7,1,0,0,0,0,1
3c752b1747e7498c956dc5f4a47add19,1,1,1,1,0,1
ff16d788ac4244e98f9bf8097cf6267c,1,0,0,0,0,0
e2f07f5c5b964adfa922566c6bcc0d9c,1,1,1,1,1,0
1734a670436946788e72ec8ce185957b,1,0,1,0,1,1
198b5dbadb9f4bc5b3447496aa4d6020,1,1,0,1,0,1
85e6fee037794599bfd43c4faeada38a,1,1,1,1,1,1
99ca4527b7a24d039d2465b46ed0a543,1,0,0,0,0,0
6df66081e5764cea846062a514fd90d5,1,1,0,0,0,0
5d785cd90a884e0ebf9c5047a527df76,1,1,0,1,1,1
50f3aba515db47d6b0dc9061802ef7b2,1,1,0,1,1,1
cf7cdd43be9b4886bcb7b45af4d9d104,1,0,0,1,1,0
00185acff6094c4da3858d78bf462b94,1,1,1,1,1,1
d113a5db60314618a500a1011c05a4b1,1,0,0,0,0,1
c9d52d03f38c4cecad7aab6e491d6c4c,1,1,0,1,0,0
6a6524079ac745b18acdb79283e454e6,1,1,1,1,0,1
bc33987f6a8b47709aa70846e6648877,1,1,1,1,0,1
88a95c50f2d24db0a17a95417252e2ef,1,0,0,0,0,1
56a6c2493a4544e3a1f0aaf67db1258d,1,0,0,0,0,1
4bf4a32aa6e14ed890fcf8a860ad9289,1,0,0,0,0,0
ae5004bf4ebb4db0a84cb3c27bd398d1,1,0,0,0,0,0
1c09b3fbca8c4d1ebdba46bbff8290dc,1,1,1,0,0,1
006cbdb235c64999b6f5cfbb63ec88c4,1,1,1,1,1,1
561cf9acfda645b79bc52ec82537970c,1,0,0,0,0,0
f20177ef6307471083339ad1a6766e2a,1,1,0,0,0,1
b5b0d31c411b4d5d9b4f6a19f1ee5056,1,1,1,1,0,1
bf5592d0c9e54957a9a3c627013ae32d,1,0,1,0,1,0
ded4f73ce5494ba89d258c0217bc50ca,1,1,1,1,1,1
ba27f0e4ca2a40d88ef1d44d2ebdc9e4,1,1,1,1,1,1
4d53bb70174b4e8db3913f50a7bc1590,1,1,1,1,0,1
9719fcdfa7b84daf8c0887a7d0fdae04,1,1,1,1,0,0
3b8e9827e2d44455b6ff48ee5982b77a,1,0,1,1,1,1
b77dbdb5e6a7429dbbdb3ea86c7ec3b8,1,0,0,0,0,0
2535c690e94140188d033d310499a4d5,1,1,1,1,1,1
2cb04989d26a485b90ab47a1577e0f7a,1,1,1,1,1,1
2577f859f0fb47a3a21cfc7c95650d26,1,0,0,0,0,1
2e51aaf4465441dcbe22351087a62c46,1,0,1,1,1,0
77909180ce9c4243b9ea97a9ffadc682,1,0,0,0,0,1
f5a7a188ac7a4ebc8f489e2af867db98,1,0,0,0,0,0
cd14e6505cdb4627844cc6065d6e3f02,1,1,0,0,1,1
8ddac045b61a412fb54f4d5870e0516f,1,0,0,0,0,0
bb972464787f4ecab2e9d77c7a0cb9f7,1,1,0,1,1,1
be3fb86ba1a846719241b051d3ec4385,1,1,1,1,1,1
37fbafbd569045729671449fa2e07c85,1,0,0,0,0,0
1994ad9682bd4175b244af0be3e09417,1,1,1,0,0,0
7c10d99e0f244f0eb294fbe7766bde38,1,1,0,0,0,1
eae74c5f4b2b418cb0e95df20bc147dd,1,0,1,1,0,0
b32c097663ff4d30b83bd1857d64e790,1,1,1,1,0,1
2bb8324710ae4fb1a000cdf7f1eb253c,1,1,1,0,1,1
882b922af4c740b8be9db39b2cdd1861,1,1,0,0,0,1
d79002ca6d834f1d9970941c2c441591,1,1,1,0,1,1
54f30ff0370b482b823ffedbb19efc2a,1,0,0,0,0,0
72e0baaa98de4f688c57c7da3b7b102b,1,0,1,1,1,1
b4799bade00a402693dfa295adeea027,1,0,0,0,0,0
9a1b1abbbb224ed0bf618c2083f91aee,1,1,1,1,1,1
ffced1bcacb046af9928fe92d99fdb23,1,0,0,1,1,1
16a2b81fe8554e7cb545a6df0b594977,1,0,0,0,0,0
befff2eb01174292b854a66597c3eb8f,1,1,0,0,0,1
c9bb1b45a69f4c698c1b94df4d806519,1,1,1,1,1,1
7a344e7e1436415caf180ae067a4203a,1,1,1,1,0,1
0ec96f37d1624e9a8813c59f851dc97c,1,1,1,1,1,1
0e27960b86db475e9dcf750295deb1b7,1,1,1,1,1,1
eda45e041045428a90be43f94abbcbda,1,1,0,1,1,1
73ec2b6b0f8541bbbd01ab56134a2abd,1,1,1,1,1,1
3f3a2be2e43d4baaa417698eea0706cb,1,0,0,0,0,0
4ea42d9dcb2548658a950769437f108b,1,1,1,1,0,1
10e6d20748d4434986cfff5b74222781,1,1,1,1,1,1
25b60e463a9a4e42a6c82163a414ab71,1,0,0,0,0,0
d6b0de49811b4d1b86a0933719c0c44a,1,0,0,1,0,1
f2fb282e13784e7c8a28d0d5e1370ad1,1,0,1,1,1,1
c3cbd08daa714dc4922236d8e224e562,1,1,1,1,1,1
f05e94332d124446a9b8df3917101615,1,0,0,0,1,1
f409a006600c45a8abbcabffe54d4ea9,1,1,1,1,1,1
9bd318b5781f4bf797b9b6ee69f9cbd8,1,1,1,1,0,0
5c3ac3d68f3a4abcb0a7d00eabf4acc5,1,1,1,1,0,1
3b86f8218554493f928b39824655872a,1,0,0,0,0,1
95024749968b4c5db7c4830da4d2d475,1,1,1,1,1,1
19f02e3faab4412988f28d419e1727fa,1,1,1,1,1,1
2483f870bba9443aa33cda63424b0e37,1,1,1,1,1,1
c7686b765fcf4212a0c9f7611a2236f2,1,1,1,1,1,0
dce96ecc45f84501bb97475861516f1e,1,0,0,0,0,0
959c87c78f62434abde877aa3663cc77,1,1,1,1,1,1
747aa46b9a4641fe90db05d97db2acea,1,0,1,0,1,0
9d0b36d611be43ffa9244ee9a4e9c5e9,1,1,1,1,1,1
3c23cd7c54034c298278d81d0b3d3954,1,1,1,1,1,1
b1e8f870ad224adba664ce26f056b4aa,1,1,1,1,1,1
7df1288fed8a403b8e7a35112b392d7c,1,1,1,1,0,1
4f26f58e358741069b137e90cdede275,1,0,0,0,0,1
1f07061321c2441a80b34e30fa854ebb,1,1,1,1,1,1
75987ced752e441ab0a8b8cb02804fa0,1,1,1,0,1,0
864f2bd660ba4d5b83fc5dee443801ce,1,1,1,1,1,1
d8e49e69a437461b8fb2bdfbff330a04,1,1,1,1,1,1
d2b3be57f76a43a9a06b56c1ceaa221f,1,1,0,0,1,1
e0fc0697837f4562b44fbcb82a419668,1,1,1,1,0,1
59b32981037042eda1fed3c1026fbaba,1,1,1,1,1,1
2d90da12000843c29b5c5e1566bf9a90,1,1,1,1,1,1
bd55e82c188f43daa1bca8fcb0b1a361,1,1,1,1,1,1
0fae8aae30d44b4faf7a9854eac4bc09,1,0,0,0,0,0
24445531d7734a918e4edeee148f5e9f,1,1,0,1,0,1
fd2a143eed5f4e68939500814cef7624,1,0,0,0,0,1
35afe50d131847739f3221c6ffb88d42,1,1,1,1,1,1
fcec74d888d745c0964b785dc309cf2c,1,0,1,0,1,1
44e153f83ddb42699863b272c5df9ff9,1,1,0,1,1,1
fd0915986a6444ee8296894d2a307291,1,1,1,0,1,0
7c69019747284a47bfb2aa924fcb030c,1,1,1,1,1,1
1a5cd249cb344a37bc3f7de96dc808b1,1,1,1,1,1,1
fc65df7ebef547eca13d3f0481212ed8,1,0,0,0,0,0
56f2d967734747c181e8cac27acef265,1,1,1,1,1,1
9bab9367c07f4410ab2a3e901d76034f,1,1,0,1,1,1
453118c5050748d3939e45666ff915f3,1,0,0,0,0,1
39685006d5a84f43bb48b6eeed53987b,1,1,1,1,0,1
108269b3def84196a54f082bcf5ea972,1,0,1,1,1,1
4a1972f8731b4cdea40fc69a38a735b1,1,1,1,1,1,1
ed00973ef2814a90b76417d73362c2ed,1,1,1,1,1,1
934013e218544a9c8b7d34297becce68,1,0,0,1,0,1
3b4edc8d32f544259b6f57fef83de5cd,1,0,0,0,0,0
c485bc17fa75413695891385a6098b2b,1,1,0,1,1,1
df957c9b8e194e7f88b9a3dc84f12174,1,1,1,0,1,1
09e58f5b8acb45a9a9c8c186895efa59,1,1,1,1,0,1
d628f4a6b4a6405c8f4cfbb8d18c6fd8,1,0,1,0,0,1
9ce5d3ae2cce4a0aaea1626e752f65d9,1,1,1,1,1,1
c63b338cc38a425da3bd956cf5c4b776,1,1,1,1,1,1
1d1ac28497a742a19385d3bc3c59465d,1,0,1,1,1,1
c24a9059f9f149a69a0d534026f5b20e,1,0,0,1,1,1
bb88fe0c5edd41e784dba5aa7029e4eb,1,0,0,0,0,1
20fac9beda19441d87bd522015a11b67,1,1,1,1,1,1
d9b7405eec564f9ba06de97a2e8ba348,1,1,0,0,0,0
c8486284cafb4925b8596f29f818c5d5,1,0,0,0,0,1
21e50bd8b149409a9791a74acf49a676,1,1,1,1,1,1
b61d51fae3c74364a74b7ecf9908a607,1,1,1,0,1,1
96759fe0ba264f178d7d60ef4dc129b7,1,1,1,1,1,1
4d046c67eb2c42238b48e2fa5ed2fe0a,1,1,1,1,0,1
d04424a0e40d4f55a806d9f2df9c1cf8,1,1,1,1,1,1
3334c156cbc4420ba1ff066094f0d1f2,1,0,0,0,0,0
84ba798eaddf49b0b00b8eb1a64ed7fc,1,1,1,1,1,1
f5ecb76a1902447c8226bd1514547329,1,0,0,0,0,1
6d1abf2d329c483d923683764e9df8b5,1,0,0,1,0,1
1d944d3936de4206be42d584a884635f,1,0,1,0,1,1
f4e02ed64b444a2a98fa0eb784ebe20d,1,1,1,1,1,1
67d06eba40f04fc7b7a9d0c497f88a1c,1,0,0,1,0,1
6939d4b45ca74f2f9341a72ccedf35e5,1,1,0,0,0,1
50e79730507349fc9763b68a8e779a41,1,1,0,0,0,1
f0d949884391487699ef07a9ef5fe9eb,1,0,0,0,0,0
0e8782aa721545caabc7073d32fb1fb1,1,1,1,1,1,0
437e94c4aec64c3681d691126c4e95bd,1,1,1,1,0,1
08027e9f30d341bfb02d4f8dc52a01eb,1,1,1,1,0,1
87e52fd5dabd4c1fa075f42c0a89e72e,1,1,1,1,1,0
e06c4c64a1bc4e8a8d2a6d31a9cb5638,1,1,1,0,1,1
db21166eb84f4362bb51ecfe855b4a33,1,1,1,1,0,1
72e83c660c194fc988a368cbbb928cac,1,0,0,0,0,0
cb5658489f1a4e1a9af288f684be5b8e,1,1,1,1,1,1
c0f6cef97fa44973afe8ed8e18e652c3,1,0,0,0,1,1
9076c937f57e4201a544f92c6dee39f1,1,1,0,1,1,0
30e55a3ec6184d8cb1944b39ba19d622,1,0,0,1,1,1
1036a01ee72542dd902d7d9a84639fe7,1,0,1,1,1,1
9fc4f152d50443c7ab8ecf1729700848,1,0,0,0,0,0
bb0abb64c37b49058b885392c22d3b29,1,1,1,1,1,0
8269fe5375974424ba92852ed8b33833,1,0,1,0,1,1
ffdac09284ae4229a99c8e63beec4afa,1,1,1,1,1,1
c46eb104a507490b8407246ef8b47a63,1,0,0,0,0,0
46ad5083ad2c4207994cf8b0ff2db6a5,1,0,0,0,0,0
4454f64f7905496dad07929587275d77,1,1,1,1,1,1
ecb7bc8b12064ecd8a7e958c7172d46a,1,1,1,1,1,0
c83fb640e909437d80981a7c4338265d,1,0,0,0,0,1
dce33c96ffdb4802a69f6d7d530a4f09,1,1,0,1,0,0
b87c4fce91d94856b3d8a39961e97fbb,1,0,0,0,0,0
28ce972b986d4dbb86ad9c96b3e4e34f,1,1,1,1,1,1
5f52fc6688cd4b098799012ee6a04875,1,1,0,1,0,1
a08d81b25afa47119071f4cf9a2ed667,1,1,1,1,1,1
888dd9afb9bc43e2bfbc5e92835a2b26,1,1,1,1,1,1
9fd8ae00df104af290529a90cc5068b4,1,0,0,0,0,1
cdd29238803446ba84398ca3a4292c19,1,0,0,0,0,1
fa48d1046e22419fad3615fc17225e16,1,1,1,1,1,1
a945d7d02c7a4ef98f1b5aaa1557f546,1,1,1,1,1,1
5bebe37b75564ab2a9773b12e78917e1,1,0,0,0,0,0
e2bc12ef4caf4703892c2a4ed0166e79,1,0,0,1,1,1
5b58b84c5f28465e83690772812e8b3d,1,0,0,0,0,0
61d47d1198184bfdaa6777e9448d825d,1,1,1,1,1,1
c9efa9b7f6684fc08357f49151990ccd,1,1,1,1,1,1
911e4ccbf49241e1aa69406f7a9af1f5,1,0,0,0,0,0
91a161db9a194e2d8473a0d86793da53,1,1,1,1,1,1
0c9652d8090647f59be086a03071bf00,1,0,0,0,0,0
d11f2c7391984c91b68ebd8efaef6f30,1,0,0,0,0,1
9075f9ff230041c59042130739b92ef1,1,1,1,1,1,1
7380c8cf21ab4b609c3f47e80c7c5b11,1,1,0,0,0,0
ed10780136f34011b35e1aaa1d8fb1e5,1,1,1,1,1,1
862da57e490a440b8dd37d0b6e886efc,1,1,1,1,1,1
81f68870ae19470a93ae51e7ff2583ef,1,1,0,1,0,1
e92d597382bd4a3c98b1a48908f85bdf,1,1,1,1,1,1
ba47b8c21bc446f3bfa60f004ca45106,1,1,1,1,1,1
9b5678cae57643908e22f01ca710d135,1,0,0,1,0,0
c7dab18fef0343569f981d683ac58c94,1,0,0,0,0,0
cf2601d5aaee4ab8a700029a33d49be6,1,0,0,0,0,0
f77829179019485b8ff425d7ef2ddefb,1,0,0,0,0,1
b4d61616cbb646b5a5f6a83a87b04866,1,1,1,1,1,0
bf8b54d2aa47416d884a874ddafcaaf6,1,1,1,1,1,1
0b8bdcce84ce40a8982a6a5909ce7b33,1,0,1,1,1,0
0e6728061166469695094adf2df3ece0,1,0,0,0,1,0
29ba615932994396a7ee5b465f9ea5e9,1,1,1,1,1,0
f1fd429830e3437db4ba03ba851f0015,1,1,1,1,1,1
f868336acfca41f6b3b7a3d1b6518691,1,0,0,0,1,0
31238f4978e94a8d8e5ea8babd70ef74,1,1,1,1,1,1
614aa888aed04db198315092c8321769,1,1,0,1,1,1
0657a919d58a462c8905f7a0c706dafb,1,0,0,0,0,0
2d72c60d65f84eae91bb4e5b2486b366,1,1,1,0,0,0
51121ed7398d4fa893b1b76f347adc12,1,1,0,1,1,1
beee295d6f3645208fb6763f8c415323,1,0,0,0,0,1
c507bbfdc8e7475098eb217530a23559,1,1,1,1,1,1
aca2b624dc904a0e89fd27f708b4da23,1,1,0,1,0,1
8af2e40c9e8b4bec94a3d701d8d5753e,1,1,1,1,1,1
bbe760f774824fb5a34b7999dcd999b3,1,0,0,0,0,1
f5064bc8ce2c43e5b954121c4835dc14,1,0,0,0,1,1
f954522c65fe49208c969909442ca375,1,1,1,1,1,1
eb82a835419149aeae82c5e8ea64377b,1,0,0,1,0,1
74efe709d705423592fe052bbe3963cb,1,1,0,1,1,1
deb3daf1fd634c4b83a80182cabeef46,1,0,0,0,0,0
17d84afea74b48c3b81ee85db30b0208,1,1,1,1,1,1
75c5b8cbc73c43a09d54fb4111653e0a,1,1,1,1,1,1
a4be46a1e7d24df3b14fe5322c65df71,1,1,1,1,0,1
fa51f1910942494cbe396640010fea64,1,0,0,1,1,1
21bb21c84c3e43908cd554db2686278f,1,0,0,0,0,1
c8dfa0a46bf64349bc0c58850ba0aba7,1,0,0,0,0,0
7f11a83e09d4433a8b2049c739c284a7,1,0,1,1,1,1
7e3103f35ec443a7b90efeb8e8fc4696,1,1,1,1,1,1
6ce8c5bbf572476d84ade686fd21a09d,1,0,1,1,1,1
53123cc5c36d44e4be7bd5cfd7e118a8,1,1,0,0,1,1
95594b53e0c44aec92f6d6f5b0d80894,1,0,1,1,0,1
9f184af29f1a48cfb0f33ed7788925be,1,0,0,0,0,0
d475ca96e672440885e6920f92a7b55b,1,1,0,0,1,1
ec99db2461b149d0960c3ebb986f2ddf,1,1,1,1,1,1
c855b62fda9748c0a719c329b6e216ec,1,1,1,1,0,1
8fa01e4bfb3a4eabbd59a5ef46185f2e,1,1,1,1,0,0
3894f0cc4ccb4530ad440951da061b97,1,0,1,0,1,1
50f3fb5000ae4f6cbbe9cf0bc83d3bc5,1,1,1,1,1,1
618875a2d6724584917e6be29329d8ac,1,0,0,0,0,0
5d48687c6ffa4b14ad9d87e4b10bafd0,1,0,1,0,0,0
79406e8b19fd4b1590c1817d6a4508d8,1,0,0,0,0,0
afc6a7290edb4e7ea109ef97c917fd9a,1,0,0,0,0,1
6b300f08a5af43d3aebbd3b52afaa324,1,1,1,1,1,1
3e99c5888afd432c8f5cd24fb7eebe02,1,1,1,1,1,1
19714a36072944759b0a42a592dc915a,1,1,1,1,0,1
4de831d46edf46d084ac2cecf682b11a,1,0,1,1,1,1
6409f6f3378044b4bb58446424d74a1a,1,1,1,1,0,1
1f9b04c2eca4497288cf23649ac47b8a,1,1,1,1,1,1
d813d750f591453a9b1bb905e6a88b48,1,0,1,1,1,1
301fdcd061724fbfb38097670b218596,1,1,1,1,0,1
5280125457214cad869cd0aaa4aba5f8,1,0,0,0,0,0
99a58537511945f3bb382ed73b882ef3,1,1,1,1,1,1
e31dad83431d497eb58c285b85453a40,1,1,1,1,0,1
1dba6570f0774b5cb87de6694bb338c0,1,1,1,1,1,1
77b9745657b0443889b6cec252a06451,1,1,1,1,0,1
2140329a6990437aa46b83c30f49cf49,1,0,1,0,0,1
808fabcc3ed441afbd6bdddc929887f3,1,0,0,0,0,1
333b8e10454e4be1b6ea0a57ed25e3d5,1,1,0,1,1,0
dc8b6fde54a44147ade01e65717fb189,1,0,1,0,0,1
586f3a3fa01f47cfbb9fb38e84622aa3,1,1,1,1,0,1
41a9b5c5883e445094a408d611cdf8e5,1,1,1,1,1,1
e9e1871dddf94ba7ba46a76dcf027bab,1,1,1,1,0,1
2c811d0b82fb402d90626405133cfbbb,1,1,1,1,1,0
cf017f09cb364099958f9f711772edb5,1,0,0,0,0,1
b285e88bcfe943ae9d5a398f11bff413,1,1,1,1,1,1
3b3a21ced30f45149db89e9404768f4c,1,1,0,0,0,0
1ef96789b6cc49538fa307127ad46ef2,1,1,1,0,0,1
c0f19958e8e84a3c83b70187bf9fa0a5,1,1,0,1,1,0
a7831d4d1db54053a501d0418545fee2,1,1,1,0,0,1
806011e8a7114eca971fd0f6b95bcd4b,1,1,1,1,1,1
bc0040070bcc4233a057bb293f5f6444,1,1,1,1,1,1
b380f7433ef54209be12e5f830b1126c,1,0,0,0,0,0
2402ba90f72345d2abbc04224afd0330,1,0,0,0,0,1
77fa92b807e649bd9b39b2c2efa78177,1,0,0,0,0,0
552970375d5149e48d5667698a692ed6,1,0,0,0,0,0
8584cdee278d4bf89e6620ab02d15a7b,1,0,0,0,0,1
95ed5d5037b64b73b3e4028d4ce99082,1,1,0,0,0,0
cb4504edb87a40d4b650cd5860f6c3b7,1,1,0,1,1,1
81f15cced544486daa6aa4d6b6bf17d9,1,1,1,1,1,1
f4d621bac4954bab8376359358093db6,1,1,0,0,0,0
34aff80f46f14cf6b962552afb010fff,1,0,0,0,0,0
b1e7b23afebd4e5986b38ab6f7ae5a2b,1,1,0,0,1,1
a0cf9d95c8af48b9aa1aaedc52d1b41c,1,1,1,1,1,1
27fb1580a2154ed980333554e2678dcf,1,1,1,0,1,1
d036b91e580045378b9fa8cf7210b550,1,1,1,1,1,1
b78e92cb62b747978f6da60546758e92,1,1,1,1,0,1
1e61acbc36cc415da7a6907b170109ad,1,0,1,1,1,1
601d27a0eac84e048dc7596015eb21ea,1,1,1,1,1,1
e4995f237a50412ab90166cd6761d048,1,1,0,1,1,1
895fb05f91ff4016a3e1feec73b12cec,1,0,0,1,0,1
b4b81cfd5d734881ad386e5c2b00ed4a,1,0,0,0,0,0
5dfc97ccaf0b464697749616dd5e4d85,1,0,0,0,0,0
772b84ce4ae94232b1e48f7d1dc31ee0,1,0,0,0,0,0
645e0c2f9b724c5b95fe434930c2682a,1,1,0,1,0,1
c44eabf865564c9e834f0318b9b223b7,1,1,1,1,1,1
b1cc984e17a341e093c53c1d271acce6,1,0,0,0,0,0
f6a5fabaa22b4af3ba95f0e220a9059e,1,1,1,1,1,1
18dfc351d10541f5bd12a9b434a4e771,1,1,1,0,1,1
8e352778ec734bdeb57a8905d06ea95c,1,0,0,0,0,0
0a9b57e15d7147749a4b3c0e649b4841,1,0,0,0,0,1
974c8f18de9b43b9a7dbaddb185a13b3,1,1,1,1,0,1
f6b1a19f78ac42768f804252eafab856,1,0,0,1,0,1
84547c06871449cdb7b3ee025b4d79e8,1,0,0,0,0,1
e5cb38a3006d417a99b9688336980b8d,1,0,1,1,1,1
07294f69a7564afe926cc3d343c3599a,1,1,1,1,1,1
b39c76ccfad24cce9fedc2f27522e14a,1,0,0,0,0,0
d91511762a3649fe9977ef72f1b6982f,1,1,1,1,1,1
716e5c98631a463a8aff6291bccdf4ae,1,1,1,1,1,1
945784329ad9456496bdb77e5e49971f,1,1,1,1,1,1
604a8ce58d0b4f94a93db370813edf94,1,1,1,1,1,1
3b8d799305e54bfd8da165f83a75a2d0,1,0,0,0,1,1
c4bdc2fcf6ae4ba599d53663ed2ab5c5,1,1,1,1,1,1
1669cfdeb01442fca45f33c2861534af,1,1,1,1,1,1
4294b2841a7e4931a4504a98ffc31dfc,1,1,1,1,1,1
f744fa7229364b55b5f80dc0a8029a1d,1,1,1,1,1,1
e67f3e81225f426f8e1743af45487762,1,1,1,1,1,1
a593f1a21f6e4deca2e30c009916ed7a,1,0,0,1,1,1
dbf0490eb17e4c8cba428f72b93c2f5e,1,1,1,1,1,1
2152a1319102465a8f95673c8bf5dc95,1,1,1,1,1,1
9a897c585ce04962b0d35b7cfd3b3572,1,1,1,1,1,1
94d4b003f88f4ebb96c00707c03b1ea5,1,1,1,1,1,0
c9677733f3674dfeae21a2619021fdf0,1,0,0,0,0,0
24e671b65855442a941d814333362d53,1,1,1,1,1,1
a131cf4a62db40988f518d63e3f35d36,1,1,1,1,1,1
54e8477902df471d8b43705b1a120f37,1,0,0,0,0,0
4254e88744744d1da84ff59eb26d5e82,1,1,1,1,1,1
13af3da0edf14bfb8fa9d62fb654b455,1,0,0,0,0,1
9e9a96e83b11478fae99ffaf1b65c1ff,1,1,1,1,0,1
c15223452559436a995d74245e0cc39b,1,0,0,0,0,0
85328ff778d0430793f778b5242885d2,1,1,1,1,0,1
7135174a1ee54418a08c46f24f71368c,1,0,1,1,1,1
9eedcc984e664023b45fc366259ba52e,1,1,1,1,1,1
3a7aa284dd9d485d8effc20db8cda140,1,1,1,0,1,1
65cda5e5171247e9a7a18afc9a8447d5,1,0,0,1,0,0
247d0121603049bd91f5a7e39f3ec037,1,1,1,1,1,1
a967838915984b3aa110fde10cf45acb,1,1,1,1,1,1
cc50000970584ba5aaf14760b1ced696,1,0,1,1,1,1
4fe6f15f0d404c5fa8f7a3a5734d13e0,1,1,1,1,1,1
26a1551251504eab9012061870b6306e,1,0,0,0,0,1
205bbed24e4d48869508e394499c46e9,1,0,0,0,0,1
3305d168dd014161bb434bccceaa88e4,1,0,0,1,1,1
e617edf72860495abd928aaf57dfa5fa,1,1,1,1,1,1
726c4eb7ce3e490e908dfc5a5ad9dd19,1,1,1,1,1,1
baf7925d0fe24bd485d6e69b4d4f7348,1,1,1,1,0,1
04720abe20094543bec51f2a0e0ff6a1,1,1,1,1,1,1
6f88910ce826420fb9739c7da9d2e54e,1,1,1,1,1,1
be0a9469f1d846d8ab9b87d49b00a442,1,1,1,1,0,1
ec2ce68b15bc4410afbf2b1192586dc2,1,1,0,1,1,1
b98e65c90a7a445a907a3bb1467b551b,1,1,0,0,1,0
bdea805e042d412c92ad5c6e4ca7385b,1,1,1,1,1,1
7ff2bedf2f8949d3ac58041336fe5db0,1,0,0,0,0,0
fe42b85d7f7a4107b650ffa993a4fbff,1,0,1,1,1,1
b52f55cafb384e71b16e48be1e1499be,1,1,1,1,1,1
fbab76edbaed4c9dbd217a1c011c80b1,1,1,1,1,1,1
695972046c1240d69835d02386355ddc,1,1,1,1,1,1
d6f9027a85474ee4bbd4103cc7619f4f,1,1,1,1,0,1
e74b8ce0b1824e0c8167f2534d8d4f7d,1,1,0,1,1,1
32dbf4593eee4f7384dcf576b2344059,1,0,0,1,1,1
145b84c5cd6643b59e658b31d78d65f3,1,1,0,1,1,1
2c63d07c2c0345539a1839bfcab22579,1,0,0,0,0,0
25b4e002a244407ea170d9c8e615261d,1,1,0,1,1,1
cb277e7166c94ffcbc2177c695a5c108,1,0,0,0,0,1
77cdbd3d755d45d8b822d6d595fdbf70,1,1,0,0,0,1
61ac15c29c7241d5a13c7a6c1c997fb6,1,1,0,0,0,1
bd608be2ea8d4d0bac3a691bdcb20f08,1,1,1,1,1,1
ef9eddeaa6c641b2bfc687237153a1e9,1,1,0,0,1,1
09fe2623b0774391ba3a50ec61bc02f7,1,1,1,1,1,1
cee03d13cb99494b9fdadc0eaa118b61,1,0,0,1,1,1
b6b30633eec84beb9a5ab65f0b950689,1,0,1,0,0,0
f733cb92982f4f58a1ce5c427786491b,1,1,1,1,1,1
7e3b2e211788438c88a1840f5d2e6410,1,1,1,1,1,1
9fbcde13d96b43a8aee0f76aee3bfc65,1,1,1,1,1,1
36d5a801125d4e0e8601cd4dbd224c9b,1,1,1,1,1,0
bd5f50d1b5ce496f9c86018e9681c854,1,1,1,0,1,1
49b01fdbc30b4e3fa7f21ea436973828,1,0,0,0,0,0
88a6b5e35eb44deba6b1065d74b0a3c4,1,1,1,1,1,1
18039d7b1dc84a2fbb5efbaa84d66f6a,1,1,1,0,0,1
f161848f032840119785996d26004c77,1,0,0,0,0,1
830ba619959e4802a955ac40c5ee9453,1,1,1,1,0,1
ffb68ec5043b45f499086fd8c24dc2b6,1,0,0,1,0,1
a5f8715674ad4460b583cf6067096e5b,1,0,0,1,1,1
6acef3a544ed49ae97d935700d8a5d89,1,1,1,1,0,1
dfa48a639ca54273906096ebbd03660e,1,1,1,1,1,1
119423a885cc4ef69b7d191422fd4d75,1,1,0,1,1,1
2beac07fddfa49f38f5380f1ae761d6d,1,1,0,1,1,1
bf6ce332b3274836b301a965d8c44789,1,0,0,0,0,0
89c9204978674480aec9d2a9a377eecc,1,1,1,1,1,1
f2758f85e46f41fcb5375f13b498fd60,1,1,1,1,1,1
7fcaf89bb0494cf58654f2a4643f2705,1,1,1,1,1,1
047d259260974e88806daf80be3ee75f,1,1,0,1,1,1
d0481d9cb254406892ce71a8e951f898,1,1,1,1,1,1
0d28a80a8d574418810e9aa656347e62,1,1,0,1,1,1
6a32a4b216e5484795eaf8a715cac712,1,1,1,1,1,1
f38aedc5545643d5be815165c6574186,1,0,0,0,0,0
4a0987ae93eb4cb7b77e94f8ab034a27,1,1,0,1,0,1
0172553716964bab85e05a5a58b37ee4,1,0,0,0,0,0
7dae85733d7d49449d10dd6defa13e33,1,1,0,0,0,0
6ca201edb2ec4a49aa6dee2502640f30,1,1,1,1,1,1
15bdb20042cc43b8bf06fce36e9e501d,1,1,1,1,0,1
70d04b7ebd6f4cae85f7c0f1dade1871,1,0,0,0,0,1
d50a519eecae4c59b5440f50c424edb0,1,0,0,0,0,0
f96154d951134ba7bbd49d3ea5457d79,1,1,1,1,1,1
64069bd3815048518d538fd3c0fc5e2e,1,0,0,0,0,0
16c5497de38748a3af307eebc09dff0d,1,1,0,0,1,1
3950bd41f74548429c0f7700ff3d8269,1,1,1,1,1,0
a442b57b3e044dbcbe729bf3db01af36,1,0,0,0,0,0
47a99007d3cd489fb6e671accaac003e,1,1,1,1,1,1
3d8c985aca90405d968a5995ba1549b2,1,0,1,0,0,1
bf6aeba0f19a46b087916c915f73cf39,1,1,1,1,0,1
205a77495c02441193752562fab8d06e,1,0,0,0,0,0
a26a43f97a8649548eea5dbaafe5de72,1,0,1,0,0,0
d2d9f427368a4a5f87ee755944004705,1,1,1,1,1,1
16767ec4463a4d8e80e7ec9be2d29103,1,0,0,0,0,1
16c4a3eac2a54160a30b559855584cd8,1,0,1,0,0,0
4ef4a5d97c2745d5ada2a6b761cb18de,1,1,0,1,1,0
74d77f30c5e54749bf26c0d970079e6c,1,0,0,0,0,0
568be6447a0240ce971e02b0fcbe704a,1,1,1,1,0,1
ff16605ea58741f4a23989424a85907e,1,1,1,1,1,1
e39e3e5e0e6b41938d3dbd8d024c4477,1,1,1,1,1,1
ca6d6807f08a4a7b86f748820069eae7,1,1,1,1,1,0
63e3bc947eed4823b00e1beadecd3be3,1,1,1,1,1,1
8ef8d4b6b837492dab9785c3e33d936b,1,1,1,1,1,1
88bbcc1cfea447b2a3d6ca38f5c12174,1,1,1,1,0,1
ca25b067ef474e4484d6be59ded51ac6,1,1,1,1,1,1
afac870c38c6434190080ac3a71a46b2,1,1,1,1,1,1
728f711f0d8e4b5fa85defb9bbb51399,1,1,1,1,0,1
4dfb0052fe944420acddf5d376755dff,1,0,0,0,0,0
573172be3eda4aae94e875fe4403c57b,1,1,1,0,1,0
f74ca01fe91e421b9f96864d8d59feca,1,0,1,0,1,0
cb8f79c86c884d07a82d6cb7fbeaf75c,1,1,1,1,1,1
3e7ed5cf0b4541e4a0e1b109dfea89cf,1,1,1,1,0,1
6aa5e2899c7b4655b43be566aadf6b91,1,0,0,0,0,0
aab42793af6b4563a8ef228423189163,1,1,0,1,0,1
298d59b27acb44e3b91aa8951b246488,1,1,0,0,0,0
ef1b0ef208114d07992b390e856c69b0,1,1,1,1,1,1
b2f333255d574bebb6f170beaab6a824,1,1,1,1,0,1
259ea3f1558d4f4ebbff3f8a73922c4e,1,1,0,0,1,1
d9523bc7d6014ae49bfc855e59898897,1,1,1,1,1,1
b0715ea6c3714813b5255319443ea853,1,0,0,0,0,0
e01bba3bbeb04dce85972faad08016b8,1,1,1,1,1,1
e8dd2a90a84142b2aa1c42126d3f135b,1,1,1,1,0,1
2dccb688659f42818954fa72a2cc4649,1,0,1,1,1,1
1c9b06a4ac5844039dad4e2b4ccc6db0,1,1,1,1,1,1
e6de143b8922499db1362696a1d18fb1,1,1,1,1,0,0
fa0391dcc3dd4dbbaa29cbafbea7bbf0,1,1,1,0,1,1
4b0405ae89164fbfb3638a5dde6e374c,1,0,0,0,0,1
50c7c32fa4e446119d53d1deb289aa7f,1,0,0,0,0,0
48d6941a075a4efc95342a859cd9db50,1,1,1,1,1,1
9caa0b052ced40488ab08aaef3320c8d,1,1,0,0,0,1
f286cdaef36648cba3b6a24d2178dc8a,1,0,0,0,0,1
c0e2f27544394606b5edf7b1014705b1,1,1,0,0,0,0
fea20913dc8749788096a7c41b087d59,1,0,0,0,1,1
3f8c45e9f1b84f5abc2d4898f20c60b6,1,0,0,0,1,1
82505189b90a43dab7a3f77131cfea67,1,0,0,0,0,0
ee64a68b2716413f85c42486e5bbdc96,1,0,0,0,0,1
3ac754275f3747fa9b49da9c38dff909,1,0,0,1,0,1
68baf9eac3c24b7698847e7348ae7422,1,1,1,0,0,1
5fd5c3f8e4c54137a3bbb794ae4dc9e7,1,1,1,0,0,1
b1b330a6fc98407eb43f9034f2095b63,1,1,1,1,1,1
d557b9adf90b44b0b128ceb13e23e386,1,0,1,0,1,1
05101786c31b48838bb1dff7053eb71e,1,0,0,0,0,0
04ac1a9790f24dc28a41d0f49c6fd36a,1,0,0,0,0,1
592b90b824a6431b9e5aedcd5d4e871b,1,1,1,1,1,1
c5e587ca7daf4f0db1f369a55a833f14,1,1,1,1,1,1
f9f8b1d1a2f843f6a6909d4e8402e85d,1,0,0,0,0,0
bedc3f80d8884ae6a0acda354cd795a1,1,0,0,1,0,1
b697e9344728474eb338401a29768e2c,1,1,0,1,0,1
d26d9906b5c6444dafee326c90ce2785,1,1,1,1,1,1
b24eea3e5ebd423fafe109de526cb484,1,1,1,1,1,1
604d12ebcf784c3f945189f79262f19c,1,1,1,1,1,1
6d5d0e60cbf4429d8b6cfa055924e5ca,1,1,0,1,0,1
6ec29caf2bc544cbb81a6fdd7e101fd4,1,0,0,0,1,0
09fe2cbdc02043d19b00e195ef5d647d,1,0,0,0,0,0
795dceace16443a2a3a793971435f58c,1,1,0,1,1,1
ecc9c875abe34151820fa427141d7471,1,1,1,1,1,1
70b0647a7b174b429f077dfeac62128f,1,0,0,0,0,1
c943bddd24a3442281fb0bffeb51342c,1,0,0,0,0,0
b82c2ddc3e8c4bbcab981ae3fd38adff,1,1,1,1,1,1
b66b4277cf6145bbabb891ea7193dfa6,1,1,1,0,1,1
7b812b168d934f5a9011ac107bff941d,1,1,1,1,1,1
20354d14175b447a93ffcd4eabd54732,1,0,0,0,0,0
a29623dd054b4177a9d98b83c0fd23bd,1,1,0,1,0,0
94acb150fe514333affb990c91ac370f,1,1,1,1,1,1
0cd1a04cf7524e95b793b48cd42fc190,1,0,0,0,0,0
6fa648b737424bb3bfbbc61a4793b93f,1,0,0,0,0,0
08ec4b7fcdb5494c8da174770c1d9245,1,1,1,1,1,1
4d37ee8f85284d62a1f7465e2b005643,1,0,0,0,0,1
b8625dc52082469babded72ca4f0f823,1,0,0,1,0,1
66e594111d0e44fe8ef57d222f1830a7,1,1,1,1,1,1
15f6744bf59e4e0189e534de13d468f7,1,0,0,0,0,0
319d9da83ce44598bb9514917fd8d0fe,1,1,1,1,0,1
26ce0c76786c43158b3bac999b27e76b,1,1,1,1,1,1
84a3ca70e40a4c5b94172cd8e20971a3,1,0,0,0,0,0
acfe7cd9adad49f1a2e77fc10ff448a1,1,1,1,1,1,1
9454ea23d85241468b8757a0bd89964d,1,0,0,0,0,0
bbec622bde3c48c6b89dbc8ad61b7919,1,1,1,1,1,1
71be574ac1a04c6f979c29d7c2367fba,1,1,0,1,1,1
6652a70586d741f5b9da67434412dd36,1,1,1,1,1,1
6f52dcbe25144032b29e160951f57f71,1,1,1,1,1,0
34f1c80edd084bbbb68c7367c45fda18,1,1,1,1,1,1
89f10c1e72e34cd1b8fd94dda57dbe0e,1,0,1,1,0,1
a63890479948474789881a575788d25c,1,0,0,0,0,0
1fcc8d01ea7048a9a9eb0eb161778026,1,1,0,1,1,1
d0a9cf1d37cd414584f676826a1f400a,1,0,1,0,1,1
52da22258bc84e8abf45484ab1a866c2,1,1,0,1,1,1
1db65e17354d4873bd22d3186e7dfcdf,1,0,1,1,1,0
b06bba30b624457bbaecdae535accf98,1,1,1,1,1,1
b79c1cac9b7a4dc6a7e08e298be2e18a,1,0,0,0,0,0
fa1285593ed74189913fb52c6a901988,1,1,1,1,0,1
0de7fa322bc7487c9d5073e234566032,1,1,1,1,1,1
f38b2f1a03b442318bf2eb0e60eea0b5,1,0,0,0,0,0
1be40a3cf7474c6293b5639a2d498b97,1,0,1,1,1,1
d597cf6460ff4fafa395a514a4cf1454,1,1,1,1,1,1
115f9017609d4716a72ab019458777c3,1,1,1,1,1,1
c8c58d1064aa4432bff5807960d46ffa,1,0,0,0,0,0
160fa0f8e77b41409a98341093a7cace,1,1,1,1,1,1
6531528030c2484abde7201ff31c05c6,1,0,1,1,1,1
fd737eecc5cd4e82bf31f0e0656d7f86,1,1,1,1,1,1
0e6efc712c9e47ac95d5dd133007c3c9,1,1,1,1,1,1
c5c737b50cf84feb97cba50280fee645,1,1,1,1,1,1
f5a38abe0b404babb18bca1f0adf60b6,1,0,0,0,0,1
68df1fb2d0574a308cd3eb083a26462d,1,1,1,1,1,1
5d0fc4d327d2439db96cd66818e1862f,1,1,1,1,1,1
6d32f67b3307453aae7b942c91b7b9e8,1,1,1,1,0,1
46aa63cc9c0f4a4e9f4541b6ed909d95,1,1,1,1,1,1
19316021f0a64765b8ac8887ff3d0e07,1,1,1,0,1,1
57a64e60a3e64b718b1193ef9ac908d4,1,1,1,1,1,1
e62da2f8fc7247eb86562d8afd12d6a3,1,1,1,1,1,1
72fe05b8fd804c7eb2edba7554f1f796,1,1,1,1,0,0
197990b85a9b47dbba39406a42ff8ab6,1,1,1,1,1,1
3e37fbbea46d4234b6335cea76399e38,1,0,0,1,0,0
215d8576b8d54ab08623ae6257359e71,1,0,0,0,0,1
4600f63ac85949c9a3123d1798888efb,1,1,1,1,1,1
312cd4d3bef1476a9211d3dab50dd0b7,1,1,1,0,0,1
069b2210186c49c383b08dfded66ff35,1,1,1,1,1,1
ea7c5f516d85421d8f31551b016f207f,1,0,0,0,0,0
3a531d4d6845432bb087cca72843c066,1,1,0,1,0,0
8418f22ec0d94a08ae038768abae743a,1,1,1,1,1,1
6d24000d98854d99b5af251bfdf31561,1,1,1,1,1,1
e49b120c397d4f20ad72b3c6e87103bc,1,1,1,1,1,1
83956bb000df4e43b6ba76d8bd98e936,1,1,1,1,0,1
040a956bf0c04ad09fffc286cab5bc56,1,1,1,1,1,1
0660df67866547b09bf286b9fe0b05f2,1,0,0,1,1,1
fad2408ec620496882c5eac75d7226af,1,1,1,1,0,1
a05ed335816047d5b21c742a4e077f93,1,1,1,1,1,1
b4411c421eb3424cb7220ff7ab3d1cab,1,1,1,0,0,1
9f5cb220fe7e4702a9b8033347a03755,1,1,0,1,1,1
dca2cc206bb34bc197ae8ebdaed22f35,1,1,1,1,1,1
cc2bcf0f7b274b24b0bb292234a39264,1,1,1,1,1,0
9699d6a8d9384f8885e8c5318bc621ab,1,0,0,0,0,0
af40bcc10a22486a9371836ac8b87a3c,1,1,1,1,1,1
cc8d4c547001442dad2c46fa7f2306c4,1,1,1,1,1,1
0f512a2cf5e24a84bb7a13774295ece8,1,1,1,0,1,1
888402b3595e425fa2398eb3b650f010,1,1,1,1,1,1
b010e143510d4325b27cb65616411838,1,1,1,0,1,1
cd7259ef235c4425999c4bb3f0e5925c,1,1,1,1,0,1
190ad8d6769c4f32ae1a5292d2e5a408,1,1,0,1,0,1
dd281ba4975241d9b4c8468b639820d6,1,1,1,1,1,1
4ffbb8951b9841429bfd3aee39c6a2be,1,1,1,1,1,1
f2138747b50e4cac87ff7526f56fc5cb,1,1,0,0,0,0
c819b8226f8a4827a77983b8e3c1d4bd,1,1,1,1,1,1
7bfe5634a8e54d1bb6f8df22761857a5,1,1,1,1,1,1
841dd882d0bb442a8e17509f5decee06,1,1,1,1,1,1
10a3ee039c4c482ab220e69c1e420031,1,1,1,1,1,1
f69667239ae9429caf5b350cedbae46d,1,1,1,1,1,1
b58985f7ddc2454d95cb84a65d1fe9fe,1,1,1,1,1,1
1463c5e376a945f1950fce5247eb2953,1,1,1,1,1,1
62fb6b14e6a2451f96ef753672d3a381,1,1,1,1,1,1
bae5604f746f40228879ca54052bbaf9,1,1,1,1,1,1
d9394f43b43a46278005844d35f20650,1,1,1,1,0,1
6180726fc8744ea2b129ebaad6f79cee,1,1,0,0,1,1
cc18fde20db74d30825b0b60ec511b7b,1,0,0,1,1,1
6f91a4053fe841faab7a91a526ab9e66,1,0,1,0,1,1
70308748f324468193d6189ab556f8e5,1,1,1,1,1,1
2ebfc5ae282a472aa090b4e839b7bd4b,1,0,0,0,0,0
7bfac34030fa43949b916978edef0f99,1,1,1,1,1,1
1e82fd0644c142a2be36770ee29815aa,1,1,1,1,1,1
2dc6dfa0bf9441f6a2397e7d4ec424ad,1,1,0,1,1,1
2b4bb1ecb2244264ba9043ee04854ac2,1,1,1,1,1,1
224d34c137b64e4f8012c7280b4b9089,1,1,1,1,1,1
f7c6252d0d714fc8b4ed9334052b3f99,1,0,1,0,1,1
516b9a77ea874a59b252ed2fa1a5d662,1,1,0,1,1,1
f65b5a66192a49c3b07a15d82fbe61cf,1,1,1,1,0,1
ae8a5000d89c4c998a5d6bf95ba2ace9,1,0,0,0,0,1
19eea651c57e43ebbade7c4b92a6e4da,1,1,1,0,0,0
80fa5404455f431b89e9f4e736df07cd,1,0,0,0,0,1
6b9af38cbf654171870cb14b4ae89fd6,1,1,1,1,1,1
ff99e96d12fc49a792a5bddd2a4d51ae,1,1,1,1,1,1
414da2e2daf840eb9b248cfe923eb61d,1,0,1,1,1,1
b6e313eb6953481594bae8fb1be7751f,1,0,0,0,0,1
0106a9b8e65f4ad1867b44591aeed8b0,1,1,1,1,1,1
60565417b2584f15965a0e22c6f6d317,1,0,0,0,0,1
9784a87689e64da29ff6d1b2fbaf6673,1,1,1,1,1,1
a38d06e080204b9c9c0b805375c8d6f9,1,0,0,0,0,0
fc651dc8a36846fdba3f705117d3d0d0,1,1,1,1,0,1
17d6152bed1f4d97928dedad04c0d7b8,1,0,0,0,0,1
5dd954d0ac0242a990ba35eef950c937,1,1,1,1,1,1
029af235f15d4f6f80713b778edc3c61,1,1,1,1,1,1
a322852092bd4851b21d7b8bb14d3af8,1,0,0,1,0,1
0c43bcd9eafa4b8c89c371cb311bf938,1,1,1,1,1,1
cdec8e0c9a0c41a7964c3182b45a7919,1,0,0,0,0,0
08e76760a8c64a92a86686baf68f6aff,1,0,0,0,1,0
76bd17fda1da4e349558f5bd8bbf47f6,1,0,0,0,0,1
09cb6ba6c0684904bbcbf4352e4b0eb7,1,0,1,0,1,1
4208e9982fbb49329271ee6dc0dbcf64,1,0,1,1,1,1
97c0f9ec5d8f4ee28b239c88c5189b8c,1,1,1,0,1,1
459ac79bafdf4b88913f981c1fa71b2c,1,1,1,1,0,1
86ff27b6b2664e408b4a7af25f0b08b4,1,0,0,0,1,1
5441646ff9c54d4a90fc1d7f4256072c,1,1,1,1,1,1
0abd4e71179c450f935b18eed1a80f85,1,1,1,1,1,1
ad8a760fd8104effa036a20e260be50d,1,1,1,1,0,1
5efe5833716e44e8b36d93d9c1144d5c,1,1,1,1,1,1
a5e20630528e412db2b94e0751e9948e,1,1,1,1,1,1
f218a2b4fa6941f7ac3798adc72126e8,1,1,1,1,1,1
05bbf70d092f474e9eb226d5d1f0f206,1,0,1,1,0,0
962eba6509994f189ac59e3d8355f15a,1,1,1,1,1,1
08cf9365fafc477084d7529a374ca960,1,1,1,1,1,0
f6c8351e490c4381a36b0b4790b73fc4,1,1,1,1,1,1
7805fe90851940b195c31d3d5062329e,1,0,0,0,1,1
39fdd398931740ba9d8160de0f3118df,1,1,1,1,0,1
4fa6e380731d4819bc404bcf38240a90,1,1,1,1,1,1
5bbb8e5b260a4a13870b0239bbd764b4,1,1,1,1,1,1
26f23947fce24749b747ab531507952d,1,1,1,1,1,1
c13f03c36a0247f98f499cb7378a6f6c,1,0,0,0,0,0
2eef1a0ab4484a1faa73e7c2a048149e,1,1,0,1,1,1
7026d24080034cc5ae36eb10338b5aa9,1,1,1,1,1,1
a522481fa0b8439eb27208e20a914c78,1,1,1,1,1,1
c61759978d3c4a799a1f91e2f98db722,1,1,1,1,1,1
440a528da74b42f19d46b648a3a6eccb,1,1,0,0,0,0
87a927d7e61345d3a098eb66908bddcb,1,1,1,1,1,1
48ba767f9b8248a5b6f6921182e053b4,1,0,0,0,1,1
bea5dd7080414656b1b89ff163cb7599,1,0,1,1,1,1
02617ba197894806bcbedadfd079f842,1,1,1,1,1,1
6bf48d2ca0e546f0abbec90c4b9edf79,1,1,1,1,1,1
ce93f225efbd43ac99b94e885de1b09c,1,1,1,0,1,1
e75cb39a74064bcba08f7809b53102e2,1,0,0,0,0,1
6d6c81c8b0fb4b57b9bf772819a2f5a2,1,1,1,1,1,1
e0a7e1df190e48feb416dad36d140c35,1,0,0,0,0,1
144689dc04d74506a875106f2ff76d9e,1,1,1,0,0,1
b4068a122d9b4c0ba96aa0bc580ab0d1,1,0,0,0,0,0
fda51a2eabf74815bd12f9203c227392,1,0,0,0,0,0
5022a147c6dc4b528605b35a90b55067,1,0,1,1,0,1
b4ed1130e3cd4a238546aef830332e0b,1,0,0,0,0,1
501491486c9e46d6b30d01c7db5b4f32,1,0,1,1,0,1
c6c6bd12ff2c444aa8d5d41903ef1b6a,1,1,1,1,1,1
cb39369c45bf4fd0be41ab5fb995494b,1,1,1,1,1,1
49f8376cd6b34f07b20ed6d5b5b42acd,1,1,1,1,1,1
ace26c1cd2c347958f9c12a52afcfc6a,1,1,1,1,1,1
b146588255f1428588688dfc6a5426e9,1,1,1,1,1,1
ccc5e44e44cc4843bb318ab67c750b5d,1,0,0,1,0,1
a7c9bbdba0ca4bd5b990b67654d8d836,1,1,0,1,1,1
0f6b0c88ebe34738a1b5cacbef9fb7c9,1,1,1,1,1,1
4176983e28014670b8d4599c5e70166a,1,1,1,1,1,1
72a064f99d384586a0e16bfedecd2fe9,1,1,1,1,1,1
ad26ae1c24e14afd9bc1e0bcc4e378b7,1,0,0,0,0,0
193eb2906fad474886262342405c54a7,1,1,1,1,1,1
7fafcee5a8d1453397d168c3f9568564,1,1,0,0,1,1
a4ea60cc43244ddd82996667dab822f9,1,0,0,0,0,0
ac16b737276c46fdb4a34d707d491c66,1,0,0,0,0,1
1e4c26347efc4a52874cdce79c1e3560,1,1,0,1,1,1
636c9024749e46ee8a9987b58e2cf802,1,0,0,0,0,1
e9a4cb5ca2e543f5a62871be68329183,1,1,1,1,1,1
34cf97ab4d6b452d862ae6c8374f7ee9,1,0,0,0,0,1
ba6527487d5042b2bd4fb8e503918d29,1,0,1,0,0,0
c54d5bb693884c459e245a0abd3e4952,1,1,1,1,1,1
1220f9a205ae44418fcce91722e1e601,1,1,1,1,1,1
12ef9ffe9eb640078c007b33f0ce8b47,1,1,0,0,0,1
8f64afe602ff4207b65847a87253241e,1,0,0,0,0,1
78989332f49b47ada534ecfe51c78dd5,1,1,1,1,1,1
b6060b7c1f5c4ab3b69718904ef68701,1,1,0,1,1,1
269ccf1fe399403c914e1f649d2a8ca2,1,1,0,0,1,1
fd612e8660e74196af7da7e6487e5d53,1,1,1,1,1,1
a16e29084602482e892e608f505c6285,1,1,1,1,1,1
95f21212afec4736b0abd977b01d5ded,1,1,1,1,1,1
adce54dcf6404d37bd170ffc4c2a7836,1,1,1,1,0,1
d2033528dce44366925af0c0eefee398,1,1,1,1,1,1
6c0c3cb4fb0448c28a94f8fedfd99b7a,1,1,1,0,1,1
89cf671dfd6843fca98f6a12a6f03cc3,1,1,1,1,1,1
ae16009cac6f4ff9ad4748088427c927,1,0,1,1,1,1
90c1665c6cf24153a834063fd99f257c,1,0,0,0,1,1
dd696fb3b78e41cba49a60d9dff314a1,1,0,0,0,0,0
679c8be08ef5439d830ac32184e3f31f,1,1,0,1,1,1
85b3158eb1c34306b3ca3c124634d367,1,0,0,1,1,1
0fa78a0795154a34bd569aa0802d9212,1,0,1,0,0,0
57a79294b87e4b55a7bcf58f7f8c6326,1,1,1,1,1,1
f4b5b6fc59e34da6bd18d4d8e299dab8,1,1,1,1,0,1
1fa5506ca31d4174955140d2138db679,1,1,1,1,1,1
ab76b5143c7c433bac44049dc2a8c9e1,1,1,1,1,1,1
d953e42651d340129bcbddfb70c4bae8,1,0,1,1,1,1
016de52682c840a2be5a393e3fb92c29,1,0,0,0,0,1
16ada52c6b734169879b2c296f5434d3,1,1,0,1,0,1
6fbe3d91fb7944b798279abcc69651cb,1,1,1,1,1,1
cc2409b430c5402f9376e1f69d729a29,1,1,1,0,0,1
9d507982a61b4345901b0cf36f69ff57,1,1,1,1,1,1
73620d31303a47f9a86908f6157370f9,1,0,1,1,1,1
e50376703d6c4e6b870d6a2d7eda3402,1,0,0,0,0,1
d1e063d5fe55416c96214debe248c362,1,0,0,0,0,1
4d61fddf74844a4085ada14799bee344,1,1,1,1,1,1
e58922cd33484d019c48f0dccf49443c,1,1,1,0,1,0
9d77cf89d9114ec5a81a08f3a50e943b,1,1,0,1,1,1
d02a787e344d40d78b57593a31fe1813,1,1,0,0,1,0
6611e3ee45484c5d80bd4703d458e518,1,1,1,1,1,1
54ee4556ae2d475b967578355443d3b8,1,0,1,1,1,1
814f40cea21041308224320c40274e51,1,0,0,0,0,0
cd5b545ae3a84977b537cad727c55d3e,1,1,1,0,1,1
30c93aae77194ea6be2777e2fc5623a8,1,1,0,0,0,0
e7e330644fcf4526bde068fe637a3bc3,1,1,0,0,1,1
599a18f58a534717bc1b52d1ddc49a8f,1,1,1,1,1,1
5feeb48367d645bb90a6405f12ea6edc,1,1,1,1,1,1
848d0535939349018c41668705f60469,1,0,1,0,0,0
4f2578e3107f4ad79f88a61b28893916,1,1,1,1,1,1
b422bd971acf483592e367c2c5057a60,1,1,1,1,0,1
60295bae6e734e05bfe898717e439336,1,1,1,1,1,1
0d0e2e74c61141a2b3597e0f2c291b3b,1,1,1,1,0,1
97f6b5ff188c4efda270b04d93b953e5,1,0,0,0,0,0
20a964781c964fbdbc709a14955cbd24,1,1,1,0,1,1
f4a78e352cb74deca0bf4e1669aec42a,1,0,0,0,0,0
f4550267cd0240e1a1ceb844e33e97d4,1,1,0,0,0,1
be8a7d174bc94905a6acad7fab6e7e60,1,1,1,1,1,1
ba0f5725ccc141f692bcf26d28af5e3b,1,1,1,1,1,1
47e1c5287177487a9782ba2d144384f2,1,0,0,0,0,0
5abd3d15e63c44a8a8189a6e70a496ef,1,1,0,1,1,1
d87a8d65103246918d76b491cce59773,1,1,1,1,1,1
1393101dcc194c64a63320e6f2d5acc4,1,1,1,1,1,1
9851e24eeb8e40cf962e45b1975aff53,1,1,1,1,0,0
10629cdea90242be94821898540d79be,1,1,1,1,1,1
e1101eae63e74ebf95944f3298691a6c,1,1,0,1,0,1
1feba2123ec9409abc727851dd6a55ae,1,1,1,1,1,1
545af4816b4a41f5ba6a8265e9261677,1,1,1,1,1,1
0a29d84ae38840e0b576626475c8b146,1,0,0,0,1,1
44bce708f85047cf92b4f2f43fb5a146,1,1,1,1,0,0
1c79e219a67b4dfcb42b0628d6c76eb0,1,1,1,1,1,1
b3c9c259eff64b86969cc7176cb8c436,1,1,1,1,1,1
56e74d1ca70841fd84feba969f7955ce,1,1,0,1,0,1
1adbe193e7b84d4092a5a3f7607bbf3f,1,1,1,1,1,1
68cc30fac5f043d09cf991e05c47c75e,1,1,1,1,1,1
2d65df5368bf4e068e3cdf602c382c59,1,0,0,0,0,1
e334b3012d8b45649fb0614b14264a30,1,0,0,0,0,0
7e2fd590b46d42cdbe8dfbf035761561,1,0,0,0,1,0
28553ad064614cb09fa5d4f12e4fa064,1,1,1,1,1,1
cb251bd038324062b2237f8000aa4d09,1,0,1,0,1,0
6f6298fc30904f67adf4eaa6c7bb70e9,1,1,1,1,1,1
ecb02ec960ee419e93ba9b7ca097f39e,1,1,1,1,1,1
10bf5ad3053e4675b34667b07128a5bb,1,1,1,1,1,1
191374a2316d4e348b3d2f89057aa6aa,1,1,1,1,1,1
718a63b04f574785a6fc4730a1a501e9,1,1,1,1,1,1
23dc1b528c734082b8b3bfd9757f0eb3,1,1,0,0,0,1
3c7b830b41274d04a8ecf415cc802c43,1,1,1,1,1,1
03e1fa4ec2664a34987dcc8c2898d94d,1,1,0,1,0,1
43cdc169284546798f3a66b131ac7c91,1,0,0,1,0,1
4c09b689ef784800b1fa3dc3178dadd5,1,1,1,1,1,1
74d649738c4c4cdc90f6d70797195775,1,1,1,1,0,1
1e9f7d6d4f394cbcab3dc1d83ab86536,1,1,1,1,1,1
515ffe0f141445ed8e0de6e674b64060,1,1,1,1,1,1
639a4120779f44bb9cf41be3e8612e36,1,1,1,1,1,1
305eabe98b6a445799cad8d843047cae,1,1,0,1,1,1
e1f394c2b75a476a9738bae64f0040b3,1,1,1,1,0,1
9c55684b107841d490d63195273aba84,1,0,0,0,0,0
1f1982e0b2a64ec2b2aba3a41175ab6e,1,0,1,0,0,0
913f4d17b4c54ce19662f83158a3d4d0,1,1,1,1,0,1
4f0b05fa7dbc4cf6beae80a56d3e2b0e,1,0,0,0,0,0
9b3ff4bc3d1d46a19ddae004ec9c0ae5,1,1,1,1,1,0
c4389c26256946beab9f17c1afb13591,1,1,1,1,1,1
03a9cc3384ea4d25968a6e0afa4278bf,1,1,0,0,0,0
cbd9af2921154c46bf9a5da785624d5f,1,0,0,0,0,0
69d6788855054c9c98a508fc3afd4515,1,0,0,0,0,1
3387d937c3864cdcaf0454542ebaa961,1,1,1,1,1,1
6582e60293a44278bbf3358225db11d4,1,1,1,1,0,1
ef183f507ce945519cc458276a8ae6e2,1,1,1,1,1,1
1646a03caf1e497bb7687d0caafa7a85,1,1,1,1,1,1
cf5007bcce7b4eb4b1d5abae8107de8f,1,1,1,1,1,1
abe369cad4eb4112999d2919a0e91a78,1,0,0,0,0,0
a4354e58aaaa454493ec48f11176530c,1,1,0,1,1,1
bbe3c0605629491ba2dc5eef6ff2d3d4,1,1,1,1,1,1
d1854d6255ca48628ff4d66317f43b7e,1,1,1,1,1,1
442d1845be554fc49b9ee04c70492b29,1,1,0,0,0,1
c0ac3dc491e7414184f44c2b32d24ad8,1,0,0,0,0,0
3af22799124845adbb36dac464843d09,1,1,0,0,0,0
f41862469f33424eb660258e9392c4f4,1,1,1,1,1,1
9f878e2b2ee04e1da6399c059e238104,1,1,1,1,1,1
6c662b1258e34752be332dcc1eccb7a8,1,1,1,1,0,1
c0a6034c27fe43488476d9a15140e398,1,1,1,1,1,1
6648ade33185426ea5864cdf7e0f028c,1,0,1,1,1,1
ee4375237ea0423c89e83d0f8e4e89c3,1,0,0,0,0,0
487e37c966514fe58858a7003dfe2f18,1,1,1,1,1,1
42caac9a9e534bebbcd426684571e446,1,0,0,0,0,1
507225f1a70e4f6d8d876cb1aaed73b7,1,1,1,1,1,0
a0eba88acbd4445f862290bbc6735c63,1,0,0,0,0,0
7c8ce823cc374a8f9376df6d8f0fed89,1,0,0,1,0,0
b587b544aa814cdf9a1cbc9d6819c383,1,1,0,1,1,1
c762677107ea48979e06437ebc5c0c95,1,1,1,1,1,1
ae99f920a69243f48718491110582d6e,1,1,0,0,0,1
f35c8e2c937d4cd486cd0cce36425d5c,1,1,1,1,1,1
c7a8c96025e346579d4149d27e232e20,1,1,1,1,1,1
f55ddd57d92944fdbfd0da838aaaf5b0,1,1,0,0,0,0
b7e99fb76ffa4e339880fa0a233e8f27,1,1,1,1,1,1
ca4c7c5a92ff4f50a4fcfa277513eee7,1,1,1,1,1,1
9573d00b8d3d4ca5badde36566ed0c84,1,1,1,1,1,1
a1cf07ef81354a98907f962c260badb8,1,1,1,1,1,0
e353030f3b82412d9619cab425e59985,1,0,0,0,0,0
783ff0de60574dbcb9ba4773fcbb10e2,1,0,0,0,0,1
7a80523f99c3434ba5f65a3ddad2b2ea,1,0,1,1,1,1
2f1fd75cc1f143509dfd4982738da9fe,1,0,0,0,0,1
05e5176b77bb44ed85e6df6ad3aba980,1,0,0,0,0,0
4070ae6b1ce047b5b0a3a5868f2dbd19,1,1,1,1,0,1
1c0f1ed37cd54bf9aad432fc49bb9274,1,1,1,1,1,1
9db96db5511f4779b712aeff927c3836,1,0,1,1,1,1
f546013d4af64c9f9b6b2852799f3a36,1,1,1,1,1,0
692fbe3b8a9a46bd913eff49b9f7103c,1,0,1,0,1,0
cf53df0209f34b319ac84daa331a9d43,1,1,1,1,1,1
70f8b28210d64799a4f664bcb221b6fc,1,1,1,1,1,1
97d92ade9a3b44ae8fbfb1132ac18b0e,1,0,1,0,1,0
aa84c2a1474048b8a7ceb4969fd7e042,1,1,0,0,1,1
1bc82ad0d02243e580e628b9ad400fd6,1,0,0,0,0,0
092051710b7b4d9294e98dcb3f0f7be1,1,1,1,1,1,1
63e40c4a678d4bf49031458d5ba6e01b,1,1,1,1,1,1
35ef5018c85e4ccda8f36fb05a1d22f9,1,0,0,0,0,1
d58ef648436446b59653b0c805451f1e,1,0,0,1,0,1
c686a80773ef45c3a850112e98f21df6,1,1,1,1,1,0
2f8f4764cb894e0b8c611e312d5bb46c,1,1,1,1,1,1
dec84f8c544849f7bfacd868ff44975a,1,1,1,1,1,1
3a2c3d1efcea439cba29f425cdf5fbe0,1,0,0,0,0,0
211466503dcd4723bc58b9d3717ed3a8,1,1,1,1,1,1
d651efd7ca614f788deeef5de2d82c48,1,0,0,0,0,0
eb22b014e4e7418b985bdd29260c0ed4,1,1,1,0,0,0
c79d510501b7499a9512971507d68d60,1,1,1,1,1,1
eaf749712a01444cb910e7023f523049,1,0,1,0,1,1
4786b3c0d0a24c8b86b0676d32dd5919,1,1,1,1,1,1
b16163568a0e472791b837c0ecad1e5b,1,0,0,1,1,1
c62d86908aae4d9b8ff78dfac3a8e6b0,1,1,1,1,1,1
feaef544d11646ed806b53d9e1f39cd9,1,1,0,0,1,1
761088db5c4545fc9953196a7ce7870a,1,0,0,0,0,0
72fb9f0f545a4d6b92f6de14c9dcce85,1,0,0,1,0,0
5ded7d74daf24c3e8dc28db3145c2366,1,1,1,1,1,1
7c4bfd7aa61f4fb4a0e87d82a0b9609e,1,1,1,1,1,1
ceb32049bc214effb30ea4d9d152efae,1,1,1,1,1,1
b767ec169db34739bd573afecd187592,1,0,0,0,0,0
dbdccde9786549b9b14c6e1050c4ecb3,1,1,1,1,0,1
abfc8664a3454103ac432cf0ea2644e3,1,1,1,1,0,1
ecaea9ca526a43a984e46bff7ea85204,1,0,0,0,0,0
35eb563d061a4703a23306c6e6728e61,1,1,0,1,0,1
2878a9ab393f42a2bbb426d8a14690d9,1,1,0,1,1,1
950d6f7fe8ca41538582327bf45afcc1,1,1,1,1,1,1
1998255a63a7449aaf471c86905f2199,1,1,1,1,1,1
64534e97d83d450ea2481cd290bfa353,1,1,0,1,0,0
088886ce0f6c461eaae9de7bf3d49c5b,1,1,1,1,1,0
fcd1acc0208f4ac08c879e2be95529a5,1,1,0,1,1,0
07905ddecd1e4ef6bc1e3f24fa950579,1,1,1,1,1,0
d5d6c0c464bc490cb251a7f1d41c6665,1,0,1,1,1,1
bf066d5fe84d46cd93314f1727706ee3,1,0,0,0,0,0
4cba70bd54be4df7936ae5765a65446c,1,1,1,1,1,0
b227c51db2594af5aba12ccc722b7973,1,1,1,1,1,1
fbacf779daa0476fb6eec08b4ce3fb72,1,1,0,1,1,1
0fb0991d71d2430aa4ccda45dd7a3bc4,1,0,0,0,0,0
15c4eff62cc644dc90c33f79b990aa8c,1,0,0,0,0,0
101e831275d740e6b47a6b1e9ef8c7b2,1,1,0,0,0,0
0a6754bbd15c4a99a0df920e42cb8353,1,1,0,1,0,1
e9026a37fbb840b088677d7bbb2ea67f,1,1,1,1,1,1
4d5670f980de423cb8ec0c656349a648,1,1,1,0,1,1
7723b0a5b55e49028244c6094eb0fb2b,1,0,1,1,1,1
b1c6966bd3a547ed82273d837490e63a,1,1,1,1,0,1
6742957ced7b491c939169eaccaf3e64,1,1,0,0,0,1
fc6968b9cc604f30b6073e5368787e04,1,1,1,0,1,1
07794b6977294d6185f1b4567cd10e4b,1,1,1,1,1,0
b6a9d120895e4207a0527ad4b3284d42,1,0,0,0,0,0
62782416e3a540c1a7943b6134906727,1,0,0,0,0,0
620c129c962d48aa9e1b0b6f46188169,1,1,1,1,1,1
486730caac29406f87126392e03cf805,0,1,0,0,1,0
5f15115414584a23bdc0d0982c46e264,0,1,0,0,1,0
7fd597745c26471ab336b3dd41a5f6dc,0,1,1,1,1,1
5512cfa9df6842f89062f97cdefa378d,0,1,1,1,1,0
b211206072a8491dab37ca3965137daf,0,1,0,1,1,0
3bbd94ab56f64609817026275ad79fa6,0,1,1,1,1,1
700c1a25559b4433be532de3475e58a9,0,1,1,1,1,1
ea5dbccb2a7a4b4e9ce8c0f5e0509d17,0,1,1,1,1,1
3d65380e1e2b470bbe0c944ecec05616,0,1,1,1,1,1
c0cd7a49d9924264b2be63b6ce9a9674,0,1,1,0,1,0
c6e8a3362094465d93eebf120c672d6c,0,1,0,0,0,0
d903747f29c74016a3a702959cf43429,0,1,1,1,0,1
def4504377694f7dbb99241a60d49455,0,1,0,0,0,0
5be9e033b43f46968d516ada3bd28fe2,0,1,0,0,0,1
9cd7ace836724f68b0fb6ecf42caf46e,0,1,0,1,0,0
d8866c75f88a4dbaa461260b81409544,0,1,0,1,1,1
354d984830374fdcb1d1791073e19476,0,1,0,1,0,1
8938bdb987574314ac81e4e310a3f774,0,1,1,1,1,1
afb4301624a2479fbab49b0512d157c1,0,1,0,0,1,1
1bfaf09b5dab4a098d527e95478bc589,0,1,1,1,1,1
9a7a58e327f04340ae8f9ec098a58418,0,1,1,0,1,1
f0481221263c4f9cb7045c36723a09ea,0,1,0,0,0,1
d5a6cd99d1bb4be38b49d0f47b139cab,0,1,0,0,1,0
ea76cd58df7c456fa7ac6d782c7cfbd0,0,1,0,0,0,0
7a7073a4f4d74a0a8b90150dd5776e7a,0,1,1,1,1,1
6db0fb7660b4438b885df5f540e9cca4,0,1,1,1,1,1
52d62696a9bd45d786ace56d2cfee529,0,1,0,0,0,0
d1a6bacb424b404c9f9ac37d0a6757a4,0,1,0,1,0,0
c81faf62dec64ab4a9275d5c191789c3,0,1,0,1,1,1
e259859ceada447494eb61a30a121ca0,0,1,1,1,1,0
d2695a8237424836a115110981fa9e98,0,1,1,1,1,1
2dece2e80c704ca399697551a511062f,0,1,0,0,1,0
d43144192b63485894f7ef174cdbecac,0,1,0,1,0,0
55f7c2992b67437e8ebd21f014b0f345,0,1,1,1,0,1
ce77d3d2915543dc8b8b2408d407f7b5,0,1,1,1,1,0
8135e2527da0405d9887a6a9b456586f,0,1,1,1,0,0
6817fe08053648a9a14a0b1daec6ba2f,0,1,0,0,0,0
b83a101de6dd443987b85b63227fe6e9,0,1,1,1,1,1
fef6d087095b45879197b9a4d066e1c3,0,1,1,1,1,1
2ff6e2f9910b483ab578f0e162ee7c64,0,1,0,1,0,1
f9fe6f80b12f4bb2b7dc4d577444d0f9,0,1,0,1,1,1
ce9d089c2e2e4261a14795565e8c064c,0,1,1,1,1,0
eec42a16e60d4161919ca507526be264,0,1,0,0,1,0
0c97832dafd24fce9a0e4935664dc824,0,1,1,0,1,0
42060e0081f249d7bcb5d2a0aa4e980a,0,1,1,0,0,0
dd673198e3a04dadaa236a3fef68eef6,0,1,0,0,0,0
4ba9d5d36136413b8c6c61490f09fdac,0,1,0,0,0,0
ead6c3fc6ae44333a88aa37c4eb36f28,0,1,1,1,0,1
66c07bf0f65f49ab808a619f14d4a3fc,0,1,1,1,0,1
84fd8f6d5b2c406e9ddd1c3b72690917,0,1,1,0,1,0
d849f5a053f741e6a5f09983cf036225,0,1,0,0,1,0
e58ab79e465a42bea579a45e84f70552,0,1,0,0,0,0
4e2d4bceb9334d3e86bb4ac54863dc09,0,1,0,1,1,1
73f2ed16c23143e19f798a52c715e2f6,0,1,1,1,1,0
9019e415f3864cee8db416c9b6154fec,0,1,0,0,0,0
692096a37e2c43b3b1aaaa06b0a9666b,0,1,1,1,0,0
18f10858b2b1410f8485ffa35253033d,0,1,1,0,1,1
eb0676ccc9bd45149ae65119cb8d5e7b,0,1,0,0,0,0
891bd62a0a224e37b8e89a5ac380e03a,0,1,0,0,0,0
2073ebd27d7844d2a0379ec496b0e9fd,0,1,0,0,0,0
6382c18ecfe44ffaa22119c94be8f02a,0,1,0,1,1,0
37d0faf82cdb4af1a3d85b18077ee1f8,0,1,0,0,0,0
f697b219e40544059d8ed14c3b74abae,0,1,1,1,1,0
95f0230140d24bf49f707545141c5044,0,1,0,1,0,1
fd761d865ef147e7bb7eec819b9cfd54,0,1,0,0,0,0
b5cbe03c667d467a922f5f38d8889fb2,0,1,1,1,1,0
8b82354665954ed0b885da38010e33fd,0,1,0,0,0,0
a11122da55ec4b27b580c23e8473e874,0,1,1,1,1,1
9b43b7af1fe3467b931b03df4ab7de82,0,1,0,0,0,0
0e4aea0d177c480a9ae050a01368ebde,0,1,0,1,0,0
b421615151244708b1efe89c5147eaaf,0,1,0,0,1,1
524ae834fa8f49648bcca86272f03b0d,0,1,1,1,1,0
33a978e5b1224b81a9252bc4da7c1fd2,0,1,1,1,1,0
2081bd77ff3b4d69b1641d7d1425cde4,0,1,0,0,1,1
577babc040054e299f25625169d530c3,0,1,1,1,1,1
fb51300f4f894631bbf2a1c0970e0701,0,1,0,1,1,0
e3ea9ec04e084b96b497f4edc4024bfe,0,1,1,1,1,1
86287c78bf494502ae0b6110c162b63d,0,1,1,1,0,0
e836d06299ce46b884b9187ac6017579,0,1,0,0,0,0
2b4441336efa4a649510d33c96ca53aa,0,1,1,1,1,1
e858e7a613c54860b354e63cd8ae1fc5,0,1,1,1,1,0
79c183f3c41e4202b21f7256e5c3c453,0,1,0,0,0,0
345ffff158a245bc80572dbde4344f28,0,1,1,1,1,0
a2c906d98f0a48d8952b50b865673046,0,1,0,0,0,0
7ffabeddc8e941f4bed501ee2f07f3a8,0,1,0,1,1,1
e6b2fa4514b54a7ab4335026d8e13b91,0,1,0,1,0,0
2996dec1589e4dad840eb5801d27d255,0,1,0,0,0,0
8491dd8fb7a44826b15e24ef9f869455,0,1,1,1,0,0
13023d830bad41fbab80efdea5a548ce,0,1,1,0,1,0
c1676a2feac74eee8aa38ca3901787d6,0,1,0,0,1,1
6ea8ed46a7e04a10abfa6acd5290ea09,0,1,0,0,0,0
151f5fa4043640c399bc1897dd7de67e,0,1,0,0,0,0
08babb6cc1d64bfbab2f2284d2076c56,0,1,1,0,1,0
72fb9a53ac6f4222ac623a6b39c9404d,0,1,1,1,1,1
244f3bb0a98149b8a0cf4ecd1719cf31,0,1,1,1,0,0
bf3b9da1e7054458851f93f4a44ffb9c,0,1,0,0,1,0
335da4966e3745dc845362f4c54eeae8,0,1,0,0,1,0
fcbae253055f4611baff6f6cfb117699,0,1,0,0,0,0
3d2ce1b79d1c45e5b7db4f26f411bb86,0,1,1,0,1,1
7a4691919fd44e7e9695cd367bcad6cb,0,1,0,0,0,0
c4a291f361bb4e84bba77b62db710b8e,0,1,1,1,1,0
713882a28f2442098451f77f1362d326,0,1,0,1,0,1
4abbb74395314826bf1f12d601b61800,0,1,1,1,0,0
699e94e9f1cc4dffa7c58c00fd3a740f,0,1,0,0,0,0
d90f206c2a2e405e912ee046b0b27d85,0,1,1,1,1,1
cfaee01077f7488faeeb7848337646da,0,1,0,1,1,1
44a5d294d0f644ed9604c2cfde122539,0,1,1,1,0,0
42623e17d6034e3f8bfb37abee634483,0,1,1,1,1,0
9a1174901ea1401a9972a44616214c9b,0,1,1,0,1,1
8e4a8d5faf5e42bd85af535c791bf9fa,0,1,0,0,0,1
bc01f04e234f47a1b985aa16654f86e4,0,1,0,0,0,0
8da1a282fd5c4be28076dbed4947a55f,0,1,0,1,0,0
b21b443198bc4552ba7593a471abda1f,0,1,0,0,0,0
410c44889c1f4d458a90f8dd90c31c50,0,1,0,0,0,0
0ffc384fc61a4742a78d179f07ea1c9d,0,1,0,1,0,0
974596219971412f9ef546e7471423b9,0,1,1,0,0,0
e47f3fd631fb41d69932f13be883640c,0,1,0,0,0,0
ce0a66937ec741af9defc0fcde1134d5,0,1,0,0,0,0
e6d1a6c5413942bdaa26ce0c0e5330ad,0,1,1,0,1,1
9f7efc90664f4c3f84ce0014bbeb3fde,0,1,1,1,1,1
5567b3f64c7a47ee9b92e5d36b2971fb,0,1,1,1,0,1
24e19e8837cc4653a68f6869cad091c5,0,1,0,0,0,0
13b194dc4afc49898db6ca0c7ae763be,0,1,0,1,1,0
d20f18baff6d46ad9bff2783474d2cf2,0,1,0,1,0,0
d5cb5a4a5e5245f8b6300ba482babbc2,0,1,1,1,1,0
5d3f6413624549ceb9e44d0977a75c8d,0,1,1,0,1,1
f56b256d74d5484fbb1be4ac42546a7c,0,1,0,0,0,0
69b3d34740f049ada3f88e9866aa46d4,0,1,0,0,0,0
564de1d8feca41b8b9d356bad410d611,0,1,1,1,1,0
745e6a480cbc42fab8d91b73f9a2fd6a,0,1,1,1,0,1
93323e6a660e4d85b3fa4f6a47aeb9a7,0,1,0,0,0,0
3244a7f00d6c46e8aab77ed45d1af6d9,0,1,1,1,1,1
49c0071f7edc432b891c53d6c5d4bdae,0,1,0,1,0,0
6961c0f548444b1ca848236edf91a33e,0,1,1,1,1,1
a6a62d60d7784fc29231a99ccffc1553,0,1,0,0,0,0
ea5943fafc5646aab115dbe5c8d30631,0,1,0,0,1,1
136075a8b0654c34bfa713a956fd9872,0,1,1,0,0,0
565b8e6965044cc88597d513c0a5024b,0,1,1,1,1,1
aef5b6d3953b48bd890db7e7204e6d68,0,1,1,1,1,0
da5566fec7d841e399413ccef674c966,0,1,0,1,0,0
a92511954d004ec9922e75be59fbb109,0,1,1,0,0,0
a460d7665ac3476b85f72a3fb7b978dd,0,1,1,1,1,0
1cc4743fc70047ad8eac0777e43cfe57,0,1,0,1,0,0
2d762f1da64744c3ad3dd234e05ebf37,0,1,0,0,0,0
ece036de967b4e73bc8d76d60d2d6852,0,1,0,1,1,1
be28204a6a5a42ed9939d95ec3f22f5f,0,1,1,0,0,1
659e4da2c0ed4e788ca94d4b00f5cb6c,0,1,1,1,1,0
5c7520cf0a4e4162909f2103b83f66b5,0,1,1,1,0,1
4c425aee90ee4d38a6f8fc5c5ea15203,0,1,1,0,1,1
3a30887220424fa1b349cdd7ce8d5fe7,0,1,1,0,1,1
19a03b256942440e9685f0f37f5d7b59,0,1,0,0,0,1
6d0cc921b3564b00ac7925cf529310ae,0,1,1,1,1,1
17723c0411434e48875a93de4db0ecba,0,1,1,1,1,1
df9cfdd33f954df9be47fcc2969d1791,0,1,1,1,0,1
b8bd7bcd5d13446d8ae3be083f09fea5,0,1,1,1,1,1
a2fada921a7d4141877f4a51328a21af,0,1,1,0,1,1
f70d94a083f3437e8fd693d8648b6587,0,1,1,1,0,0
c6558fcf7c034d939c3aa0b6a6feb048,0,1,0,0,0,0
da627527bab04b3d9872420f0557f625,0,1,1,0,0,0
b2f43ac0111945a3b3b08af102d2a8ab,0,1,1,0,0,0
e4a61a01232041f596e72f03495234f2,0,1,1,1,0,0
9d2eedd225094283bb507db7856e60e5,0,1,1,0,1,0
e4df3ac5874d49b7a3553035cd735902,0,1,1,1,1,1
6e90bc3643d94c0fa0edf8795f8c8aa3,0,1,1,1,1,1
53eb8f9da5174457ac296562077a3a48,0,1,1,1,1,1
b742d3b3d971467d9d87705ca5abb3f4,0,1,1,1,0,0
da52113f2bed429f9666830c6fe3f2b4,0,1,1,1,1,1
979ebe32c3154795bd17e6e5765d83ea,0,1,0,0,0,0
dd9ca96008584bd7aced84b8d7202c7c,0,1,1,0,0,0
cecb41d3a0b243c3b0d37a269ce855ad,0,1,0,0,0,1
895d801ecf3e40019e43a0d5b80bb453,0,1,1,0,0,1
6ef078bc31f94c499f0a8c2d2addfa19,0,1,1,1,1,1
25409c26381a4f088d389972741f3839,0,1,1,0,1,0
80dda70f1eb04a0cabbbafe1318e4a88,0,1,1,1,1,1
7c9bf8de5a684231b9e501a03c481acf,0,1,0,1,1,0
54c58e9e2c054cc290b17a6164fbcd0f,0,1,1,1,0,1
dea7a14fe1df4a73b8582c065b24351f,0,1,1,1,1,1
8c394cbb9706486aae5c0edc1d704178,0,1,1,1,0,0
01c9e357d2544b25888d1ec0f7b6059e,0,1,0,0,0,0
88c4bf6c96624c9baf7ca0f98c790034,0,1,0,0,0,0
6edc535af6e4466d93c99da08c7b6b58,0,1,1,0,1,0
dc814c6970ba4437ace28e775f5b9835,0,1,1,1,1,0
ece0178703b54e2ebca795f26eed56a5,0,1,0,1,0,0
c978a780e5cc42f7ac44e515b8d11784,0,1,0,0,0,0
421215a3574d445db2bac0574bb34b67,0,1,1,0,0,0
dc2b67cdadca4deb89d7d684f2894292,0,1,0,1,0,0
16270c2e4ee142a69e9af1dfb1466867,0,1,0,0,0,1
8352cb9bff2d4933a95d28656169eb40,0,1,0,0,0,0
4c8a92a8f97844a7977b03a414fcd8a2,0,1,1,1,1,1
98b01dfcaf534b66ab16bded53606e9f,0,1,1,1,1,1
1924ea3d04d943919ea24526c097aed1,0,1,0,0,0,0
2a21a555004043768a6da4f645f67896,0,1,1,1,1,0
bda037b61da14296b0b7c7d2a2293cba,0,1,0,0,0,0
5376e3a2874542d8b440faa899e52b97,0,1,1,1,1,0
5ad38eb017f34421828852889c7dd9d7,0,1,0,0,0,0
e35644b0b014475287656d2a84e7dcd2,0,1,1,1,1,0
7bb8d00122624267a777a5ed487b8703,0,1,0,1,0,1
b13f8b7a3b5d40f197d11b1f68100015,0,1,0,1,1,0
28e33ad25c0943b49b57f8f1346d5bd2,0,1,0,0,0,0
c35b4490aa9b4597b59415e057f5fa49,0,1,0,1,1,1
3f2adb9db8ab428abd54009707d46992,0,1,1,1,1,0
b7efe50e943141a4b447b2995bb5a6e9,0,1,0,1,1,0
c2289c7fcb7d4b82ad7ea2d0fcad479a,0,1,0,0,0,0
10bfca1f0fac449ea922a52cc580ddbe,0,1,0,0,1,0
5dd5ed25020f44bc8d6a2afe6eecadca,0,1,0,0,0,0
be1494c7762c43ca88010f366997a586,0,1,1,1,1,1
dbdccd9cbc164e7897ad372ea8d43bde,0,1,1,1,1,0
f7d75d25c86941f3aecfed9efea1a3e3,0,1,1,1,1,1
fc6b37085d934190a549fbf6dd69e048,0,1,1,1,0,1
f69afa3eed11447eb559f49c325f02d7,0,1,0,0,1,0
0d9c4c2de24b49758901191f623d426b,0,1,1,1,1,1
a51146d2b181450292623ec03ade9f03,0,1,1,0,1,1
3947c3c1848e46c3849a1e178e2e728b,0,1,0,0,0,0
6e147994a5e3493d86a928a612ff5791,0,1,1,0,1,1
94126983bc0c4de89fb27cefb81f24ef,0,0,1,0,1,0
031c053948164a549c7cc5f5c835610e,0,0,1,0,1,0
0f1d636d7dc84c90b69d039dac4404f6,0,0,1,1,0,1
15c59626df6b4f96bb7ef7c5c1797159,0,0,1,0,1,0
c75fae3bcdd54b3a8b3635fdcf8ba74b,0,0,1,0,1,1
cb83564311ad470fae21ff06fda307ca,0,0,1,1,0,0
8ae6638022534a41906b169bb76f5bc1,0,0,1,0,0,0
877f55a6d8324fefb5e0f5e0bac3d7c1,0,0,1,0,0,0
a7e83e3b5cd24948a58c93c66ba54d77,0,0,1,0,1,1
c1255d993df4492a9dfa2f67a50f3073,0,0,1,1,0,0
c773e8f2af7a4f8bb88543d4fb1d51b0,0,0,1,1,1,1
d7da6ee9133940e28fac7695c24ea639,0,0,1,1,1,1
08078980e5564ecd80cdab0d0c71f2ac,0,0,1,0,1,0
246b21c5bf164950aa0bbcb44d34d717,0,0,1,1,1,1
b4526fe3529f423faf52b6165e41e828,0,0,1,0,0,0
51d5918ad83c4a66a08e93123a9fc51a,0,0,1,0,0,1
c62b6ac878934607be0c524a02f1692b,0,0,1,0,0,0
08461b5c6f364b1aa0549f44f84ac3be,0,0,1,1,1,1
10341c91fa1347e1a0b607ae5eff471c,0,0,1,0,0,0
ca924333b0ad4839952a5b6ab70de4b0,0,0,1,0,0,0
943884d0b74546ee8d6a18ab456159a5,0,0,1,0,0,0
0dd58808673f401b8e1d54bc92f8f148,0,0,1,1,0,1
c3dcf31bcc3e412bb8b63fcb02f54dc2,0,0,1,0,1,1
62abb19c9fe447faa2973ab8e108aeba,0,0,1,0,0,0
1a69f00de8854f129d656b0f35d8ce97,0,0,1,1,1,1
80d67201a7a84308803bc9ddf73b6fe5,0,0,1,1,0,0
ad70edf4e2f445f5a9ea1770c63c0cd1,0,0,1,1,1,0
e076002814294765abad22d58bdedbf4,0,0,1,0,1,1
255afd1fb1a34c9ebc1a577e49fbccd4,0,0,1,0,0,1
0f67be8de20c464182465c716113743e,0,0,1,1,1,1
af034ddd2c58488e8afc1623d22b88d9,0,0,1,0,1,0
0cb0b2de67684cab83278bc2add2a0ec,0,0,1,0,1,0
4ee219c4638949de9d994bc792fd0a69,0,0,1,1,0,0
fe2ecec8cc174425b117afe079ec5883,0,0,1,0,0,0
abccb4eda68e441d893861429fdd5605,0,0,1,0,0,0
670c160e6af24e7c8a8dc34aae1e3a1c,0,0,1,0,1,1
296fcfbf2e29489699f1cb5631f38ff5,0,0,1,0,0,1
ab7f9e0665d24fe79fbde77325627d18,0,0,1,1,1,0
0ac766077264454e9fe3f88c441d00ec,0,0,1,1,1,0
e780de705c784720ab7ab65e7f3770b2,0,0,1,1,1,0
7693424bd4b04229b08c578b256a7de4,0,0,1,1,1,0
ba887e569f124fa5b7bad893e92f8767,0,0,1,1,1,1
c81a1a2b42f04905a14373fcb4842658,0,0,1,1,0,1
8dffb9bba025425e9d03fd0384ed1d1f,0,0,1,0,1,0
2e4c526a088741c28f8ea25d97e1c8fb,0,0,1,0,0,0
27f42a55215f4223a01afa79fcda72e6,0,0,1,0,0,0
9ad02057efee422b9845f563b8565485,0,0,1,0,1,0
cc71e504f560478ba9686b0ba983f1e6,0,0,1,0,0,0
dc878ebb5b1e43eb9442d9361854613e,0,0,1,1,1,0
f301b9578e27437e9fc81942ae2d2539,0,0,1,0,0,0
4e411cdc3be44903b2d95653ae481354,0,0,1,0,1,0
b9ac916091a2417a87126eb9ddd22474,0,0,1,1,0,0
bff42d5ba6394afd99fa6f81dcdf94e7,0,0,1,0,0,0
b06a815164ec466f9fdb525522bb3799,0,0,1,0,1,1
96528f044d674b34aa2414d74228bba1,0,0,1,0,0,0
e05526aafa644218b37ab46567a6e776,0,0,1,1,1,0
50f8b4a1ce354890bcf834658cbb9e80,0,0,1,0,1,1
014a4afe87244310b05f57274f330ddd,0,0,1,0,0,0
db0478dec0824052b9ee6b77571148e5,0,0,1,0,0,0
af0f72a7e15c481ab2bb87a561b00241,0,0,1,1,1,1
4fc9bbe6198c4b8e837fd2ae0de6a4e2,0,0,1,0,0,1
b462e73472684c509a3e5f8734c33b10,0,0,1,1,1,0
52e0fc73e08b43d88848a37baeace700,0,0,1,1,1,1
7a32eb7937e54e19b1cd7c58ec40f728,0,0,1,0,0,0
2d11e1f994bb48b2b65f8fe2d28004c3,0,0,1,1,1,0
2a07391a099947f285e1801d1386abcc,0,0,1,0,1,0
802619f6fb5940608483cb29fc1beab6,0,0,1,0,0,1
afbe52e790a44a50bb766f746318a83e,0,0,1,0,1,0
5d3e3366f21f49bcba8af3b57218f32d,0,0,1,0,1,0
28d95d22c2e94cc4a8b3dab896e4b70b,0,0,1,0,1,0
3e991036257e4acda7cc1658dadd3e50,0,0,1,0,0,0
4f4346641f7e437c889e08b61a0baab3,0,0,1,0,1,0
6a572eb7bc84490487b6fad4266bc0d4,0,0,1,0,0,0
51b48a4ba38b4824a21d4a8b39a7a6e9,0,0,1,1,0,0
75d09898729a4086a8136f5bffa6028c,0,0,1,0,0,0
ea1f5e0340e14464818a7c9b60564e6e,0,0,1,0,0,0
7feaed03e4124fa58ff3084605916be6,0,0,1,0,0,0
c62b42470b924b268d85edcc0d9c7e83,0,0,1,0,0,0
4d85541c5f204e359d63ed2b9db1ec97,0,0,1,0,0,1
658b1766d89a4725987a47862f564f8e,0,0,1,1,1,0
bb5af5ca6e3d4813850dcb7d3aa14ca0,0,0,1,0,0,0
8a6554684382497fa4ee6847fbe77f68,0,0,1,1,1,0
311d52bcf034477d9bd1fd3bc50b51df,0,0,0,1,0,0
d82a8671e85c47989834e95c6e7b3852,0,0,0,1,0,1
87eb02bfe23642bb9004c086587749b8,0,0,0,1,0,0
939ffb964de54881aa15dd6f01f16755,0,0,0,1,0,0
50f1c83c63ec40fcae6615e8a6a19a23,0,0,0,1,0,0
b4e7cdf41c2e479c9d9296a5868e0711,0,0,0,1,0,0
4639543918e84082b89a8a3369c02353,0,0,0,1,1,1
3e8da1f918d5488bb639d26fca75b8d8,0,0,0,1,1,1
cbe53c84189945eeb7cbf16b9f4717de,0,0,0,1,0,0
2c94aa3401594d3eaa64b3f2281e369c,0,0,0,1,0,1
509430f5472a4a47bde26cf3bee935fb,0,0,0,1,0,1
7531f8e54ec6433b8c5f52eabbfec701,0,0,0,1,0,1
970e605b05c14027b08a6e74d5e8ceca,0,0,0,1,0,1
42e802854cf34097a57b857663c6ddf7,0,0,0,1,0,0
deafcf11ebbf49ea987ebc7616d4c487,0,0,0,1,1,0
17cdd19d7f8d4377be422017a5a7f425,0,0,0,1,0,0
8a71126a0b234b94a1c871bb8f94aa93,0,0,0,1,0,1
791d3e0a07614c719c0e51827c657ebe,0,0,0,1,0,0
a9bc05c80b384bb0b4b078b2c4dd21f3,0,0,0,1,0,1
5001ffaf66384b63a0e51b5083a3bc30,0,0,0,1,0,0
85f85a515fdb490082530ecff0eb529d,0,0,0,1,0,1
227d9020c63940cf8f8b63916bf39d5b,0,0,0,1,0,1
73605b2d71b347e996af63f7e7e55fa9,0,0,0,1,0,0
c7b18ce7027c4cc3b2068fbf46860b3f,0,0,0,1,0,0
c5f58c19249d4137ae063b0e9ecd8b8e,0,0,0,1,0,1
16b5e2757a4647ed97cd9f54f0c42e1c,0,0,0,1,0,1
7f86adb3a3ee43e7b69a410b28ef6ab0,0,0,0,1,0,0
e693989d8ad141608999200df71aca71,0,0,0,1,1,1
0f3fbd162e444ecd9e3b7136c33deb54,0,0,0,1,0,0
58976dcd6bc449b4a23cadab4fb49646,0,0,0,1,0,0
fa9853c0f9bf414f8ccc9654ae9b0775,0,0,0,1,1,1
e504fa8b548f4ae48bf687918ef001b4,0,0,0,1,0,0
e1dffaba060040cfab07dec04790fbfa,0,0,0,1,1,1
d63d4b75524f4c77aa9c7f070b006911,0,0,0,1,0,0
7f4c0c97221549db87322909462d24a5,0,0,0,1,0,0
469c3f8300894d848d43aefcf7e6f39b,0,0,0,1,0,0
77c3d98fab3e4d3ea65747caaa74d605,0,0,0,1,1,0
b44e59e4a1e345b89940db8801b7e9d4,0,0,0,1,0,0
3bf56ebb22b741339967a95a9fbe2081,0,0,0,1,1,1
10fd939580824717b063600f37b4c126,0,0,0,1,1,1
49823b270a62468397f3265172dcc6bf,0,0,0,1,0,0
1eabb4f61d144fd6ba73bd69b9633981,0,0,0,1,0,1
134627f07b8b47f196af46f88013d112,0,0,0,1,0,0
046d4e3b185a4b15b5784331d7633565,0,0,0,1,0,0
ff9eff4389a740848f9a56ad749a4ae8,0,0,0,1,0,0
95682f8329cf487aa061d968b08f80ea,0,0,0,1,0,0
f3d292fb057a4490967facdc1b9968cf,0,0,0,1,1,0
49f1b7a6ca754bcba3cebd40105d804d,0,0,0,1,0,0
b5989651183643369174912bc5641d3b,0,0,0,1,0,0
eb9ddcfe232f4572881edf80b904449d,0,0,0,1,0,0
364828ce52784d7a8f1b6f586637e23a,0,0,0,1,1,1
25d279c805e841ddaa63c57af113579a,0,0,0,1,1,1
b7d899dbb6264d7bada8daff326556ce,0,0,0,1,0,0
c05842b5b1c14d7da231f1684f4d010e,0,0,0,1,0,1
d84b2c6b3fc0431980aac6fce922b811,0,0,0,1,1,1
415d154bbb1347919b340b21903e603e,0,0,0,1,0,0
264f7a3db349473c9032d9ee63b9b828,0,0,0,1,0,1
db32a1f21a8b49989746a09ceab49905,0,0,0,1,1,1
7d8ff41747b74252ac3fb6efb0e0b120,0,0,0,1,0,0
4c5a8356ea1741548238807ba41235d3,0,0,0,1,0,0
75bde66b01454744904d51c1fa92f246,0,0,0,1,0,0
2e24381cb9434a89abd7f3eb1ed838b6,0,0,0,1,0,0
bbe84595bbe64a95bf17ffc995ede36b,0,0,0,1,1,0
f75968e911a94a3e8eea092422614231,0,0,0,1,1,1
c2e56200cb7d46b6a93fb4ec389f4ba9,0,0,0,1,0,0
c0118a0cdb484aa782b3bedc0cfaa757,0,0,0,1,0,1
3f21669491dd40ce91c7329d3ffc7630,0,0,0,1,0,0
248f5231a8c94b5da0b58e515ad68298,0,0,0,0,1,0
bd45ca2a645842e68844ec6badf39e3b,0,0,0,0,1,0
81ddc3fd101e41d0931e7c87381ca697,0,0,0,0,1,1
73d95c15de79498fbca3d12815f43376,0,0,0,0,1,1
88aa269105204f8db1a29debf3cde07c,0,0,0,0,1,0
1739cd6942f740dc92e2a6ebf626f8a3,0,0,0,0,1,0
f912cfd531f146f1b2cab1f3406fdef1,0,0,0,0,1,0
61db69a026d34c558f0ab0321f0886f8,0,0,0,0,1,0
5bd85334fdf94fb99c7eaa45d5feba0d,0,0,0,0,1,0
ae52c4af95674bdc900000c161a5d95d,0,0,0,0,1,0
784ad47350e04cb3977f8a3902a9aa8c,0,0,0,0,1,0
e0c4e822835f4a2e925dec94a835d5ab,0,0,0,0,1,0
1a6770bd0f364497b5b2642af95b6025,0,0,0,0,1,0
b169e16ce6604ecfada8e8986a8ac374,0,0,0,0,1,1
01ec0ffbd89d4f01877aa9c0c08d32cb,0,0,0,0,1,0
46a4a199e44544018017be7434e46fc8,0,0,0,0,1,1
e174cb43655f49dab7ffa27b973670e3,0,0,0,0,1,0
674ac51c90f444ffa066c3aa15991728,0,0,0,0,1,1
bbf1d23e80b84da798c56cbac090f7d9,0,0,0,0,1,1
d96de08343d248809556faa746c70968,0,0,0,0,1,0
5c37942981a148418ea05430a44cfa7e,0,0,0,0,1,0
bc35cb43c7de4fd3ab2355a9cc632ef9,0,0,0,0,1,0
8c88fa56a3ed414882a625ff557e7a09,0,0,0,0,1,0
b16c13a33031451e97116a3149783fa9,0,0,0,0,1,0
c3acd43e79464a24b0fadbe1e5ba9950,0,0,0,0,1,0
6aab8113d7444f459c6d0b0ea1134cf3,0,0,0,0,1,0
7028ed54fd6940e581917af772b7bef7,0,0,0,0,1,0
79070dca796f4ffb868d84f1b067f9c2,0,0,0,0,1,0
0bb62a68055249e381b039bf54b0ccf8,0,0,0,0,1,1
fb2a700732f24bfe86d1187ba7492ba2,0,0,0,0,1,1
160faaad600249d7ab8f95ee44648e6f,0,0,0,0,1,0
8998453f5b16454294476995463f32d6,0,0,0,0,1,0
c97eef4c28f84abea60f2bcce38cd6b5,0,0,0,0,1,0
95c679992b8043b192c24d9b7c0cadc5,0,0,0,0,1,0
02651ca22b08484294d473d9c26cd9af,0,0,0,0,1,0
61f89208546a4045af336659ebe8db05,0,0,0,0,1,1
def7171a2b66442693a7987b2df87b10,0,0,0,0,1,1
fae2bb46325643e7a4f48fd0423cc55a,0,0,0,0,1,0
b027772a1e11420ea815686a03e356a1,0,0,0,0,1,0
0ad9191b360a4cf1a81cdfe960d6fb41,0,0,0,0,1,0
68b7cbe911ee40f9a00ff8affbfb88ab,0,0,0,0,1,1
ba3c6f4e77ac473c879326d25afa49f1,0,0,0,0,0,1
7c07e754d1e243ce82fcc01ef1ee292f,0,0,0,0,0,1
ee955952087f4801ac7235ba9ef853b1,0,0,0,0,0,1
e46803a34fa744ad9372b5227798e00a,0,0,0,0,0,1
41f853f718d94b99b1453da875659661,0,0,0,0,0,1
ebd128c8164943538f360f11c10e26d5,0,0,0,0,0,1
c10534cac92945438adc094afeb541f7,0,0,0,0,0,1
269601cc1e4d45a3a36fbf291d45a447,0,0,0,0,0,1
4b247d4da9d44628818024275c07be5a,0,0,0,0,0,1
59f7b9d48e694f45ac2a6e9532c408eb,0,0,0,0,0,1
cae3569ba124483ea18b79c4a61e3a3f,0,0,0,0,0,1
8c4f9b0b97424ba2940ca2a9aa030e4a,0,0,0,0,0,1
7d47b2309e5f4eddac3ca1b82f16bba6,0,0,0,0,0,1
6eff23054ff6444eb949a80286c66bcc,0,0,0,0,0,1
1d374f780d43407790ff6053b90f3716,0,0,0,0,0,1
512673efdbec4c8e9031749bbf49d66b,0,0,0,0,0,1
72359f16eac8449b96dc406f28c93e0d,0,0,0,0,0,1
c7c62f68bd0a45e9877829a30e36a62b,0,0,0,0,0,1
05c9723974374ae8bb8dea4fdf4dac5f,0,0,0,0,0,1
75edf2a919e04b7aa25b9dfe561df692,0,0,0,0,0,1
e7e97dc4f37c448184d9a423b4f659fe,0,0,0,0,0,1
daeec5222fb346f99addae0db196eb1e,0,0,0,0,0,1
51b0f4727e4748a1b48162866ea48f3a,0,0,0,0,0,1
9faf87fc638c492d87ccbdb48388450c,0,0,0,0,0,1
3254a488120c40ea83c267121b188991,0,0,0,0,0,1
2efb57e90b3e4a108bb11ce576041a35,0,0,0,0,0,1
8cfc29cd1fee4f92bd5134e2af939d47,0,0,0,0,0,1
b41281994aff4ebe8bc957cffc81ba35,0,0,0,0,0,1
e44b45914b81421487be11f8ed302633,0,0,0,0,0,1
b9c1ea3e21174a5ca1c0b9b7a24e3813,0,0,0,0,0,1
dd29902d904d4bd1a68e5e6926cd6dfc,0,0,0,0,0,1
c3387194b4df49c3a2f91df1801b662f,0,0,0,0,0,1
084108c61ce14d2cb00f7e8102e03626,0,0,0,0,0,1
07fad91090c746ccaa1b2bdb55329e20,0,0,0,0,0,1
813b2581a9664b559f0194b4fcfcb52e,0,0,0,0,0,1
94726bdf5c4a4349a658a83b73271549,0,0,0,0,0,1
ba4c95ffea104b088e07bdc2c7a0300a,0,0,0,0,0,1
8e21bcb6b7304ee3ba342c9c3f2c0226,0,0,0,0,0,1
4967dbb7fa484682ad75504a986b94b1,0,0,0,0,0,1
e2ce3f8e23da49c1bbed0cec26fd3dba,0,0,0,0,0,1
14d8b49233574552ae43c6f49172ea16,0,0,0,0,0,1
bbac20f166b44c03a7a00148c666126c,0,0,0,0,0,1
d20d151ade9c4229806e9664c1bda422,0,0,0,0,0,1
15abe67860824b53876918fa681b1b38,0,0,0,0,0,1
665cf9ea96fb4782b1193025868b4670,0,0,0,0,0,1
7a96a1aca9344de19eb4f965664792ef,0,0,0,0,0,1
42618734136040a6807f70b2d30fa562,0,0,0,0,0,1
6f07416b98d14cccbef1ca05f43bb72e,0,0,0,0,0,1
91b4d539792443d6a3aff6f939477159,0,0,0,0,0,1
e3dbf6e92f0e4ac3860f1cbf73e2a312,0,0,0,0,0,1
03d01b47ef714213b94aae1b95d5b44e,0,0,0,0,0,1
45eda670b5a840acbb730aac15e63b19,0,0,0,0,0,1
614cb31279b84b329865c216024711dc,0,0,0,0,0,1
1794b5423be84d798ff953fff8307998,0,0,0,0,0,1
a4fa9d49433944d893b977da960fc458,0,0,0,0,0,1
2e5c6a6379a3467facbd9e6740cd7852,0,0,0,0,0,1
55b96b9a99fe494ebc7886b8715322b4,0,0,0,0,0,1
fa7e79db3cc947e1a5708a2c3efc3aed,0,0,0,0,0,1
ef710f7aad4c4bcf9ac21ef155c8c3d1,0,0,0,0,0,1
4929089a1c5c44c69d914efdeff69983,0,0,0,0,0,1
f5e6b52a7d734e6cb9a8a31cc4da0342,0,0,0,0,0,1
55b9812e9276478b9860edab6a2ef3e6,0,0,0,0,0,1
72322fb3df6c4cf0a93cddb8e1778bf9,0,0,0,0,0,1
26b9393e37b942d9ad7a8a32adc0a225,0,0,0,0,0,1
d15d80fd4f7b4a0b99f3c63cc13768db,0,0,0,0,0,1
cd6b4f5eb88a4f7590c29d744dbd6cd0,0,0,0,0,0,1
f1424d3ab0e145a5a60d67c95164f156,0,0,0,0,0,1
